ISO-10303-21;
HEADER;
/* Generated by software containing ST-Developer
 * from STEP Tools, Inc. (www.steptools.com) 
 */
/* OPTION: using custom renumber hook */

FILE_DESCRIPTION(
/* description */ ('STEP AP242 Edition 2',
'CAx-IF Rec.Pracs.---Representation and Presentation of Product Manufa
cturing Information (PMI)---4.0---2014-10-13',
'CAx-IF Rec.Pracs.---3D Tessellated Geometry---0.4---2014-09-14','2;1',
'CAx-IF Rec.Pracs.---User Defined Attributes---1.5---2016-08-15'),
/* implementation_level */ '2;1');

FILE_NAME(
/* name */ 'Deck light hook',
/* time_stamp */ '2026-10-03T15:25:52Z',
/* author */ (''),
/* organization */ (''),
/* preprocessor_version */ 'ST-DEVELOPER v20',
/* originating_system */ 'ONSHAPE BY PTC INC, 1.221',
/* authorisation */ '  ');

FILE_SCHEMA (('AP242_MANAGED_MODEL_BASED_3D_ENGINEERING_MIM_LF { 1 0 10303 442 3 1 4 }'));
ENDSEC;

DATA;
#10=SHAPE_REPRESENTATION_RELATIONSHIP('','',#1331,#11);
#11=ADVANCED_BREP_SHAPE_REPRESENTATION('',(#1329),#2441);
#12=TOROIDAL_SURFACE('',#1444,0.0035,0.0015);
#13=TOROIDAL_SURFACE('',#1452,0.0035,0.0015);
#14=TOROIDAL_SURFACE('',#1454,0.0165000000000006,0.0015);
#15=TOROIDAL_SURFACE('',#1456,0.0125,0.0015);
#16=TOROIDAL_SURFACE('',#1460,0.0035,0.0015);
#17=TOROIDAL_SURFACE('',#1468,0.0035,0.0015);
#18=TOROIDAL_SURFACE('',#1470,0.0165,0.0015);
#19=TOROIDAL_SURFACE('',#1486,0.0165,0.0015);
#20=TOROIDAL_SURFACE('',#1498,0.0035,0.0015);
#21=TOROIDAL_SURFACE('',#1506,0.0035,0.0015);
#22=TOROIDAL_SURFACE('',#1510,0.0125,0.0015);
#23=TOROIDAL_SURFACE('',#1512,0.0165000000000006,0.0015);
#24=TOROIDAL_SURFACE('',#1514,0.0035,0.0015);
#25=TOROIDAL_SURFACE('',#1522,0.0035,0.0015);
#26=TOROIDAL_SURFACE('',#1528,0.0165,0.0015);
#27=TOROIDAL_SURFACE('',#1544,0.0165,0.0015);
#28=DEGENERATE_TOROIDAL_SURFACE('',#1435,0.0005,0.0015,.T.);
#29=DEGENERATE_TOROIDAL_SURFACE('',#1442,0.0005,0.0015,.T.);
#30=DEGENERATE_TOROIDAL_SURFACE('',#1450,0.0005,0.0015,.T.);
#31=DEGENERATE_TOROIDAL_SURFACE('',#1458,0.0005,0.0015,.T.);
#32=DEGENERATE_TOROIDAL_SURFACE('',#1466,0.0005,0.0015,.T.);
#33=DEGENERATE_TOROIDAL_SURFACE('',#1474,0.0005,0.0015,.T.);
#34=DEGENERATE_TOROIDAL_SURFACE('',#1476,0.0005,0.0015,.T.);
#35=DEGENERATE_TOROIDAL_SURFACE('',#1482,0.0005,0.0015,.T.);
#36=DEGENERATE_TOROIDAL_SURFACE('',#1484,0.0005,0.0015,.T.);
#37=DEGENERATE_TOROIDAL_SURFACE('',#1490,0.0005,0.0015,.T.);
#38=DEGENERATE_TOROIDAL_SURFACE('',#1491,0.0005,0.0015,.T.);
#39=DEGENERATE_TOROIDAL_SURFACE('',#1500,0.0005,0.0015,.T.);
#40=DEGENERATE_TOROIDAL_SURFACE('',#1508,0.0005,0.0015,.T.);
#41=DEGENERATE_TOROIDAL_SURFACE('',#1516,0.0005,0.0015,.T.);
#42=DEGENERATE_TOROIDAL_SURFACE('',#1524,0.0005,0.0015,.T.);
#43=DEGENERATE_TOROIDAL_SURFACE('',#1530,0.0005,0.0015,.T.);
#44=DEGENERATE_TOROIDAL_SURFACE('',#1532,0.0005,0.0015,.T.);
#45=DEGENERATE_TOROIDAL_SURFACE('',#1538,0.0005,0.0015,.T.);
#46=DEGENERATE_TOROIDAL_SURFACE('',#1540,0.0005,0.0015,.T.);
#47=DEGENERATE_TOROIDAL_SURFACE('',#1546,0.0005,0.0015,.T.);
#48=PLANE('',#1336);
#49=PLANE('',#1340);
#50=PLANE('',#1344);
#51=PLANE('',#1345);
#52=PLANE('',#1346);
#53=PLANE('',#1347);
#54=PLANE('',#1351);
#55=PLANE('',#1352);
#56=PLANE('',#1353);
#57=PLANE('',#1354);
#58=PLANE('',#1355);
#59=PLANE('',#1374);
#60=CIRCLE('',#1334,0.018);
#61=CIRCLE('',#1335,0.018);
#62=CIRCLE('',#1338,0.018);
#63=CIRCLE('',#1339,0.018);
#64=CIRCLE('',#1342,0.0180000000000006);
#65=CIRCLE('',#1343,0.0180000000000006);
#66=CIRCLE('',#1349,0.011);
#67=CIRCLE('',#1350,0.011);
#68=CIRCLE('',#1356,0.0005);
#69=CIRCLE('',#1357,0.0165);
#70=CIRCLE('',#1358,0.0005);
#71=CIRCLE('',#1359,0.0005);
#72=CIRCLE('',#1360,0.0165);
#73=CIRCLE('',#1361,0.0005);
#74=CIRCLE('',#1362,0.0005);
#75=CIRCLE('',#1363,0.0165000000000006);
#76=CIRCLE('',#1364,0.0005);
#77=CIRCLE('',#1365,0.0005);
#78=CIRCLE('',#1366,0.0005);
#79=CIRCLE('',#1367,0.0035);
#80=CIRCLE('',#1368,0.0035);
#81=CIRCLE('',#1369,0.0125);
#82=CIRCLE('',#1370,0.0035);
#83=CIRCLE('',#1371,0.0035);
#84=CIRCLE('',#1372,0.0005);
#85=CIRCLE('',#1373,0.0005);
#86=CIRCLE('',#1375,0.0165);
#87=CIRCLE('',#1376,0.0005);
#88=CIRCLE('',#1377,0.0005);
#89=CIRCLE('',#1378,0.0005);
#90=CIRCLE('',#1379,0.0035);
#91=CIRCLE('',#1380,0.0035);
#92=CIRCLE('',#1381,0.0125);
#93=CIRCLE('',#1382,0.0035);
#94=CIRCLE('',#1383,0.0035);
#95=CIRCLE('',#1384,0.0005);
#96=CIRCLE('',#1385,0.0005);
#97=CIRCLE('',#1386,0.0005);
#98=CIRCLE('',#1387,0.0165000000000006);
#99=CIRCLE('',#1388,0.0005);
#100=CIRCLE('',#1389,0.0005);
#101=CIRCLE('',#1390,0.0165);
#102=CIRCLE('',#1391,0.0005);
#103=CIRCLE('',#1392,0.0005);
#104=CIRCLE('',#1394,0.002);
#105=CIRCLE('',#1395,0.002);
#106=CIRCLE('',#1397,0.002);
#107=CIRCLE('',#1398,0.002);
#108=CIRCLE('',#1400,0.002);
#109=CIRCLE('',#1401,0.002);
#110=CIRCLE('',#1403,0.002);
#111=CIRCLE('',#1404,0.002);
#112=CIRCLE('',#1406,0.002);
#113=CIRCLE('',#1407,0.002);
#114=CIRCLE('',#1409,0.002);
#115=CIRCLE('',#1410,0.002);
#116=CIRCLE('',#1412,0.002);
#117=CIRCLE('',#1413,0.002);
#118=CIRCLE('',#1415,0.002);
#119=CIRCLE('',#1416,0.002);
#120=CIRCLE('',#1418,0.002);
#121=CIRCLE('',#1419,0.002);
#122=CIRCLE('',#1421,0.002);
#123=CIRCLE('',#1422,0.002);
#124=CIRCLE('',#1424,0.002);
#125=CIRCLE('',#1425,0.002);
#126=CIRCLE('',#1427,0.002);
#127=CIRCLE('',#1428,0.002);
#128=CIRCLE('',#1430,0.002);
#129=CIRCLE('',#1431,0.002);
#130=CIRCLE('',#1433,0.002);
#131=CIRCLE('',#1434,0.002);
#132=CIRCLE('',#1436,0.0015);
#133=CIRCLE('',#1437,0.0015);
#134=CIRCLE('',#1439,0.0015);
#135=CIRCLE('',#1441,0.0015);
#136=CIRCLE('',#1443,0.0015);
#137=CIRCLE('',#1445,0.0015);
#138=CIRCLE('',#1447,0.0015);
#139=CIRCLE('',#1449,0.0015);
#140=CIRCLE('',#1451,0.0015);
#141=CIRCLE('',#1453,0.0015);
#142=CIRCLE('',#1455,0.0015);
#143=CIRCLE('',#1457,0.0015);
#144=CIRCLE('',#1459,0.0015);
#145=CIRCLE('',#1461,0.0015);
#146=CIRCLE('',#1463,0.0015);
#147=CIRCLE('',#1465,0.0015);
#148=CIRCLE('',#1467,0.0015);
#149=CIRCLE('',#1469,0.0015);
#150=CIRCLE('',#1471,0.0015);
#151=CIRCLE('',#1473,0.0015);
#152=CIRCLE('',#1475,0.0015);
#153=CIRCLE('',#1477,0.0015);
#154=CIRCLE('',#1479,0.0015);
#155=CIRCLE('',#1481,0.0015);
#156=CIRCLE('',#1483,0.0015);
#157=CIRCLE('',#1485,0.0015);
#158=CIRCLE('',#1487,0.0015);
#159=CIRCLE('',#1489,0.0015);
#160=CIRCLE('',#1492,0.0015);
#161=CIRCLE('',#1493,0.0015);
#162=CIRCLE('',#1495,0.0015);
#163=CIRCLE('',#1497,0.0015);
#164=CIRCLE('',#1499,0.0015);
#165=CIRCLE('',#1501,0.0015);
#166=CIRCLE('',#1503,0.0015);
#167=CIRCLE('',#1505,0.0015);
#168=CIRCLE('',#1507,0.0015);
#169=CIRCLE('',#1509,0.0015);
#170=CIRCLE('',#1511,0.0015);
#171=CIRCLE('',#1513,0.0015);
#172=CIRCLE('',#1515,0.0015);
#173=CIRCLE('',#1517,0.0015);
#174=CIRCLE('',#1519,0.0015);
#175=CIRCLE('',#1521,0.0015);
#176=CIRCLE('',#1523,0.0015);
#177=CIRCLE('',#1525,0.0015);
#178=CIRCLE('',#1527,0.0015);
#179=CIRCLE('',#1529,0.0015);
#180=CIRCLE('',#1531,0.0015);
#181=CIRCLE('',#1533,0.0015);
#182=CIRCLE('',#1535,0.0015);
#183=CIRCLE('',#1537,0.0015);
#184=CIRCLE('',#1539,0.0015);
#185=CIRCLE('',#1541,0.0015);
#186=CIRCLE('',#1543,0.0015);
#187=CIRCLE('',#1545,0.0015);
#188=ORIENTED_EDGE('',*,*,#580,.T.);
#189=ORIENTED_EDGE('',*,*,#581,.T.);
#190=ORIENTED_EDGE('',*,*,#582,.T.);
#191=ORIENTED_EDGE('',*,*,#583,.T.);
#192=ORIENTED_EDGE('',*,*,#584,.T.);
#193=ORIENTED_EDGE('',*,*,#585,.T.);
#194=ORIENTED_EDGE('',*,*,#586,.T.);
#195=ORIENTED_EDGE('',*,*,#587,.T.);
#196=ORIENTED_EDGE('',*,*,#588,.T.);
#197=ORIENTED_EDGE('',*,*,#589,.T.);
#198=ORIENTED_EDGE('',*,*,#590,.T.);
#199=ORIENTED_EDGE('',*,*,#591,.T.);
#200=ORIENTED_EDGE('',*,*,#592,.T.);
#201=ORIENTED_EDGE('',*,*,#593,.T.);
#202=ORIENTED_EDGE('',*,*,#594,.T.);
#203=ORIENTED_EDGE('',*,*,#595,.T.);
#204=ORIENTED_EDGE('',*,*,#596,.T.);
#205=ORIENTED_EDGE('',*,*,#597,.T.);
#206=ORIENTED_EDGE('',*,*,#598,.T.);
#207=ORIENTED_EDGE('',*,*,#599,.T.);
#208=ORIENTED_EDGE('',*,*,#600,.T.);
#209=ORIENTED_EDGE('',*,*,#601,.T.);
#210=ORIENTED_EDGE('',*,*,#602,.T.);
#211=ORIENTED_EDGE('',*,*,#603,.T.);
#212=ORIENTED_EDGE('',*,*,#604,.T.);
#213=ORIENTED_EDGE('',*,*,#605,.T.);
#214=ORIENTED_EDGE('',*,*,#606,.T.);
#215=ORIENTED_EDGE('',*,*,#607,.T.);
#216=ORIENTED_EDGE('',*,*,#608,.T.);
#217=ORIENTED_EDGE('',*,*,#609,.T.);
#218=ORIENTED_EDGE('',*,*,#610,.T.);
#219=ORIENTED_EDGE('',*,*,#611,.T.);
#220=ORIENTED_EDGE('',*,*,#612,.T.);
#221=ORIENTED_EDGE('',*,*,#613,.T.);
#222=ORIENTED_EDGE('',*,*,#614,.T.);
#223=ORIENTED_EDGE('',*,*,#615,.T.);
#224=ORIENTED_EDGE('',*,*,#616,.T.);
#225=ORIENTED_EDGE('',*,*,#617,.T.);
#226=ORIENTED_EDGE('',*,*,#618,.T.);
#227=ORIENTED_EDGE('',*,*,#619,.T.);
#228=ORIENTED_EDGE('',*,*,#620,.T.);
#229=ORIENTED_EDGE('',*,*,#621,.T.);
#230=ORIENTED_EDGE('',*,*,#622,.T.);
#231=ORIENTED_EDGE('',*,*,#623,.T.);
#232=ORIENTED_EDGE('',*,*,#624,.T.);
#233=ORIENTED_EDGE('',*,*,#625,.T.);
#234=ORIENTED_EDGE('',*,*,#626,.T.);
#235=ORIENTED_EDGE('',*,*,#627,.T.);
#236=ORIENTED_EDGE('',*,*,#628,.T.);
#237=ORIENTED_EDGE('',*,*,#629,.T.);
#238=ORIENTED_EDGE('',*,*,#630,.T.);
#239=ORIENTED_EDGE('',*,*,#631,.T.);
#240=ORIENTED_EDGE('',*,*,#632,.T.);
#241=ORIENTED_EDGE('',*,*,#633,.T.);
#242=ORIENTED_EDGE('',*,*,#634,.T.);
#243=ORIENTED_EDGE('',*,*,#635,.T.);
#244=ORIENTED_EDGE('',*,*,#636,.T.);
#245=ORIENTED_EDGE('',*,*,#637,.T.);
#246=ORIENTED_EDGE('',*,*,#638,.T.);
#247=ORIENTED_EDGE('',*,*,#639,.T.);
#248=ORIENTED_EDGE('',*,*,#640,.T.);
#249=ORIENTED_EDGE('',*,*,#641,.T.);
#250=ORIENTED_EDGE('',*,*,#642,.T.);
#251=ORIENTED_EDGE('',*,*,#643,.T.);
#252=ORIENTED_EDGE('',*,*,#644,.T.);
#253=ORIENTED_EDGE('',*,*,#645,.T.);
#254=ORIENTED_EDGE('',*,*,#646,.T.);
#255=ORIENTED_EDGE('',*,*,#647,.T.);
#256=ORIENTED_EDGE('',*,*,#648,.T.);
#257=ORIENTED_EDGE('',*,*,#649,.T.);
#258=ORIENTED_EDGE('',*,*,#650,.T.);
#259=ORIENTED_EDGE('',*,*,#651,.T.);
#260=ORIENTED_EDGE('',*,*,#652,.T.);
#261=ORIENTED_EDGE('',*,*,#653,.T.);
#262=ORIENTED_EDGE('',*,*,#654,.T.);
#263=ORIENTED_EDGE('',*,*,#655,.T.);
#264=ORIENTED_EDGE('',*,*,#656,.T.);
#265=ORIENTED_EDGE('',*,*,#657,.T.);
#266=ORIENTED_EDGE('',*,*,#658,.T.);
#267=ORIENTED_EDGE('',*,*,#659,.T.);
#268=ORIENTED_EDGE('',*,*,#660,.T.);
#269=ORIENTED_EDGE('',*,*,#661,.T.);
#270=ORIENTED_EDGE('',*,*,#662,.T.);
#271=ORIENTED_EDGE('',*,*,#663,.T.);
#272=ORIENTED_EDGE('',*,*,#664,.T.);
#273=ORIENTED_EDGE('',*,*,#665,.T.);
#274=ORIENTED_EDGE('',*,*,#666,.T.);
#275=ORIENTED_EDGE('',*,*,#667,.T.);
#276=ORIENTED_EDGE('',*,*,#668,.T.);
#277=ORIENTED_EDGE('',*,*,#669,.T.);
#278=ORIENTED_EDGE('',*,*,#670,.T.);
#279=ORIENTED_EDGE('',*,*,#671,.T.);
#280=ORIENTED_EDGE('',*,*,#672,.T.);
#281=ORIENTED_EDGE('',*,*,#673,.T.);
#282=ORIENTED_EDGE('',*,*,#674,.T.);
#283=ORIENTED_EDGE('',*,*,#675,.T.);
#284=ORIENTED_EDGE('',*,*,#676,.T.);
#285=ORIENTED_EDGE('',*,*,#677,.T.);
#286=ORIENTED_EDGE('',*,*,#678,.T.);
#287=ORIENTED_EDGE('',*,*,#679,.T.);
#288=ORIENTED_EDGE('',*,*,#680,.T.);
#289=ORIENTED_EDGE('',*,*,#681,.T.);
#290=ORIENTED_EDGE('',*,*,#682,.T.);
#291=ORIENTED_EDGE('',*,*,#683,.T.);
#292=ORIENTED_EDGE('',*,*,#684,.T.);
#293=ORIENTED_EDGE('',*,*,#685,.T.);
#294=ORIENTED_EDGE('',*,*,#686,.T.);
#295=ORIENTED_EDGE('',*,*,#687,.T.);
#296=ORIENTED_EDGE('',*,*,#688,.T.);
#297=ORIENTED_EDGE('',*,*,#689,.T.);
#298=ORIENTED_EDGE('',*,*,#690,.T.);
#299=ORIENTED_EDGE('',*,*,#691,.T.);
#300=ORIENTED_EDGE('',*,*,#618,.F.);
#301=ORIENTED_EDGE('',*,*,#692,.T.);
#302=ORIENTED_EDGE('',*,*,#620,.F.);
#303=ORIENTED_EDGE('',*,*,#693,.T.);
#304=ORIENTED_EDGE('',*,*,#586,.F.);
#305=ORIENTED_EDGE('',*,*,#694,.T.);
#306=ORIENTED_EDGE('',*,*,#588,.F.);
#307=ORIENTED_EDGE('',*,*,#695,.T.);
#308=ORIENTED_EDGE('',*,*,#582,.F.);
#309=ORIENTED_EDGE('',*,*,#696,.T.);
#310=ORIENTED_EDGE('',*,*,#584,.F.);
#311=ORIENTED_EDGE('',*,*,#697,.T.);
#312=ORIENTED_EDGE('',*,*,#634,.F.);
#313=ORIENTED_EDGE('',*,*,#698,.T.);
#314=ORIENTED_EDGE('',*,*,#580,.F.);
#315=ORIENTED_EDGE('',*,*,#699,.T.);
#316=ORIENTED_EDGE('',*,*,#630,.F.);
#317=ORIENTED_EDGE('',*,*,#700,.T.);
#318=ORIENTED_EDGE('',*,*,#632,.F.);
#319=ORIENTED_EDGE('',*,*,#701,.T.);
#320=ORIENTED_EDGE('',*,*,#622,.F.);
#321=ORIENTED_EDGE('',*,*,#702,.T.);
#322=ORIENTED_EDGE('',*,*,#624,.F.);
#323=ORIENTED_EDGE('',*,*,#703,.T.);
#324=ORIENTED_EDGE('',*,*,#626,.F.);
#325=ORIENTED_EDGE('',*,*,#704,.T.);
#326=ORIENTED_EDGE('',*,*,#628,.F.);
#327=ORIENTED_EDGE('',*,*,#705,.T.);
#328=ORIENTED_EDGE('',*,*,#614,.F.);
#329=ORIENTED_EDGE('',*,*,#706,.T.);
#330=ORIENTED_EDGE('',*,*,#616,.F.);
#331=ORIENTED_EDGE('',*,*,#707,.T.);
#332=ORIENTED_EDGE('',*,*,#610,.F.);
#333=ORIENTED_EDGE('',*,*,#708,.T.);
#334=ORIENTED_EDGE('',*,*,#612,.F.);
#335=ORIENTED_EDGE('',*,*,#709,.T.);
#336=ORIENTED_EDGE('',*,*,#606,.F.);
#337=ORIENTED_EDGE('',*,*,#710,.T.);
#338=ORIENTED_EDGE('',*,*,#608,.F.);
#339=ORIENTED_EDGE('',*,*,#711,.T.);
#340=ORIENTED_EDGE('',*,*,#602,.F.);
#341=ORIENTED_EDGE('',*,*,#712,.T.);
#342=ORIENTED_EDGE('',*,*,#604,.F.);
#343=ORIENTED_EDGE('',*,*,#713,.T.);
#344=ORIENTED_EDGE('',*,*,#598,.F.);
#345=ORIENTED_EDGE('',*,*,#714,.T.);
#346=ORIENTED_EDGE('',*,*,#600,.F.);
#347=ORIENTED_EDGE('',*,*,#715,.T.);
#348=ORIENTED_EDGE('',*,*,#594,.F.);
#349=ORIENTED_EDGE('',*,*,#716,.T.);
#350=ORIENTED_EDGE('',*,*,#596,.F.);
#351=ORIENTED_EDGE('',*,*,#717,.T.);
#352=ORIENTED_EDGE('',*,*,#590,.F.);
#353=ORIENTED_EDGE('',*,*,#718,.T.);
#354=ORIENTED_EDGE('',*,*,#592,.F.);
#355=ORIENTED_EDGE('',*,*,#719,.T.);
#356=ORIENTED_EDGE('',*,*,#720,.F.);
#357=ORIENTED_EDGE('',*,*,#710,.F.);
#358=ORIENTED_EDGE('',*,*,#721,.F.);
#359=ORIENTED_EDGE('',*,*,#679,.F.);
#360=ORIENTED_EDGE('',*,*,#721,.T.);
#361=ORIENTED_EDGE('',*,*,#605,.F.);
#362=ORIENTED_EDGE('',*,*,#722,.F.);
#363=ORIENTED_EDGE('',*,*,#680,.F.);
#364=ORIENTED_EDGE('',*,*,#720,.T.);
#365=ORIENTED_EDGE('',*,*,#678,.F.);
#366=ORIENTED_EDGE('',*,*,#723,.F.);
#367=ORIENTED_EDGE('',*,*,#609,.F.);
#368=ORIENTED_EDGE('',*,*,#722,.T.);
#369=ORIENTED_EDGE('',*,*,#712,.F.);
#370=ORIENTED_EDGE('',*,*,#724,.F.);
#371=ORIENTED_EDGE('',*,*,#681,.F.);
#372=ORIENTED_EDGE('',*,*,#723,.T.);
#373=ORIENTED_EDGE('',*,*,#677,.F.);
#374=ORIENTED_EDGE('',*,*,#725,.F.);
#375=ORIENTED_EDGE('',*,*,#708,.F.);
#376=ORIENTED_EDGE('',*,*,#724,.T.);
#377=ORIENTED_EDGE('',*,*,#601,.F.);
#378=ORIENTED_EDGE('',*,*,#726,.F.);
#379=ORIENTED_EDGE('',*,*,#682,.F.);
#380=ORIENTED_EDGE('',*,*,#725,.T.);
#381=ORIENTED_EDGE('',*,*,#676,.F.);
#382=ORIENTED_EDGE('',*,*,#727,.F.);
#383=ORIENTED_EDGE('',*,*,#613,.F.);
#384=ORIENTED_EDGE('',*,*,#726,.T.);
#385=ORIENTED_EDGE('',*,*,#714,.F.);
#386=ORIENTED_EDGE('',*,*,#728,.F.);
#387=ORIENTED_EDGE('',*,*,#683,.F.);
#388=ORIENTED_EDGE('',*,*,#727,.T.);
#389=ORIENTED_EDGE('',*,*,#675,.F.);
#390=ORIENTED_EDGE('',*,*,#729,.F.);
#391=ORIENTED_EDGE('',*,*,#706,.F.);
#392=ORIENTED_EDGE('',*,*,#728,.T.);
#393=ORIENTED_EDGE('',*,*,#597,.F.);
#394=ORIENTED_EDGE('',*,*,#730,.F.);
#395=ORIENTED_EDGE('',*,*,#684,.F.);
#396=ORIENTED_EDGE('',*,*,#729,.T.);
#397=ORIENTED_EDGE('',*,*,#674,.F.);
#398=ORIENTED_EDGE('',*,*,#731,.F.);
#399=ORIENTED_EDGE('',*,*,#617,.F.);
#400=ORIENTED_EDGE('',*,*,#730,.T.);
#401=ORIENTED_EDGE('',*,*,#716,.F.);
#402=ORIENTED_EDGE('',*,*,#732,.F.);
#403=ORIENTED_EDGE('',*,*,#685,.F.);
#404=ORIENTED_EDGE('',*,*,#731,.T.);
#405=ORIENTED_EDGE('',*,*,#673,.F.);
#406=ORIENTED_EDGE('',*,*,#733,.F.);
#407=ORIENTED_EDGE('',*,*,#692,.F.);
#408=ORIENTED_EDGE('',*,*,#732,.T.);
#409=ORIENTED_EDGE('',*,*,#593,.F.);
#410=ORIENTED_EDGE('',*,*,#734,.F.);
#411=ORIENTED_EDGE('',*,*,#686,.F.);
#412=ORIENTED_EDGE('',*,*,#733,.T.);
#413=ORIENTED_EDGE('',*,*,#672,.F.);
#414=ORIENTED_EDGE('',*,*,#735,.F.);
#415=ORIENTED_EDGE('',*,*,#621,.F.);
#416=ORIENTED_EDGE('',*,*,#734,.T.);
#417=ORIENTED_EDGE('',*,*,#718,.F.);
#418=ORIENTED_EDGE('',*,*,#736,.F.);
#419=ORIENTED_EDGE('',*,*,#687,.F.);
#420=ORIENTED_EDGE('',*,*,#735,.T.);
#421=ORIENTED_EDGE('',*,*,#671,.F.);
#422=ORIENTED_EDGE('',*,*,#737,.F.);
#423=ORIENTED_EDGE('',*,*,#702,.F.);
#424=ORIENTED_EDGE('',*,*,#736,.T.);
#425=ORIENTED_EDGE('',*,*,#589,.F.);
#426=ORIENTED_EDGE('',*,*,#738,.F.);
#427=ORIENTED_EDGE('',*,*,#688,.F.);
#428=ORIENTED_EDGE('',*,*,#737,.T.);
#429=ORIENTED_EDGE('',*,*,#670,.F.);
#430=ORIENTED_EDGE('',*,*,#739,.F.);
#431=ORIENTED_EDGE('',*,*,#625,.F.);
#432=ORIENTED_EDGE('',*,*,#738,.T.);
#433=ORIENTED_EDGE('',*,*,#694,.F.);
#434=ORIENTED_EDGE('',*,*,#740,.F.);
#435=ORIENTED_EDGE('',*,*,#689,.F.);
#436=ORIENTED_EDGE('',*,*,#739,.T.);
#437=ORIENTED_EDGE('',*,*,#669,.F.);
#438=ORIENTED_EDGE('',*,*,#741,.F.);
#439=ORIENTED_EDGE('',*,*,#704,.F.);
#440=ORIENTED_EDGE('',*,*,#740,.T.);
#441=ORIENTED_EDGE('',*,*,#585,.F.);
#442=ORIENTED_EDGE('',*,*,#742,.F.);
#443=ORIENTED_EDGE('',*,*,#690,.F.);
#444=ORIENTED_EDGE('',*,*,#741,.T.);
#445=ORIENTED_EDGE('',*,*,#668,.F.);
#446=ORIENTED_EDGE('',*,*,#743,.F.);
#447=ORIENTED_EDGE('',*,*,#629,.F.);
#448=ORIENTED_EDGE('',*,*,#742,.T.);
#449=ORIENTED_EDGE('',*,*,#696,.F.);
#450=ORIENTED_EDGE('',*,*,#744,.F.);
#451=ORIENTED_EDGE('',*,*,#691,.F.);
#452=ORIENTED_EDGE('',*,*,#743,.T.);
#453=ORIENTED_EDGE('',*,*,#667,.F.);
#454=ORIENTED_EDGE('',*,*,#745,.F.);
#455=ORIENTED_EDGE('',*,*,#700,.F.);
#456=ORIENTED_EDGE('',*,*,#744,.T.);
#457=ORIENTED_EDGE('',*,*,#581,.F.);
#458=ORIENTED_EDGE('',*,*,#746,.F.);
#459=ORIENTED_EDGE('',*,*,#664,.F.);
#460=ORIENTED_EDGE('',*,*,#745,.T.);
#461=ORIENTED_EDGE('',*,*,#666,.F.);
#462=ORIENTED_EDGE('',*,*,#747,.F.);
#463=ORIENTED_EDGE('',*,*,#633,.F.);
#464=ORIENTED_EDGE('',*,*,#746,.T.);
#465=ORIENTED_EDGE('',*,*,#698,.F.);
#466=ORIENTED_EDGE('',*,*,#747,.T.);
#467=ORIENTED_EDGE('',*,*,#665,.F.);
#468=ORIENTED_EDGE('',*,*,#748,.F.);
#469=ORIENTED_EDGE('',*,*,#711,.F.);
#470=ORIENTED_EDGE('',*,*,#749,.F.);
#471=ORIENTED_EDGE('',*,*,#651,.F.);
#472=ORIENTED_EDGE('',*,*,#749,.T.);
#473=ORIENTED_EDGE('',*,*,#611,.F.);
#474=ORIENTED_EDGE('',*,*,#750,.F.);
#475=ORIENTED_EDGE('',*,*,#652,.F.);
#476=ORIENTED_EDGE('',*,*,#748,.T.);
#477=ORIENTED_EDGE('',*,*,#650,.F.);
#478=ORIENTED_EDGE('',*,*,#751,.F.);
#479=ORIENTED_EDGE('',*,*,#607,.F.);
#480=ORIENTED_EDGE('',*,*,#750,.T.);
#481=ORIENTED_EDGE('',*,*,#709,.F.);
#482=ORIENTED_EDGE('',*,*,#752,.F.);
#483=ORIENTED_EDGE('',*,*,#653,.F.);
#484=ORIENTED_EDGE('',*,*,#751,.T.);
#485=ORIENTED_EDGE('',*,*,#649,.F.);
#486=ORIENTED_EDGE('',*,*,#753,.F.);
#487=ORIENTED_EDGE('',*,*,#713,.F.);
#488=ORIENTED_EDGE('',*,*,#752,.T.);
#489=ORIENTED_EDGE('',*,*,#615,.F.);
#490=ORIENTED_EDGE('',*,*,#754,.F.);
#491=ORIENTED_EDGE('',*,*,#654,.F.);
#492=ORIENTED_EDGE('',*,*,#753,.T.);
#493=ORIENTED_EDGE('',*,*,#648,.F.);
#494=ORIENTED_EDGE('',*,*,#755,.F.);
#495=ORIENTED_EDGE('',*,*,#603,.F.);
#496=ORIENTED_EDGE('',*,*,#754,.T.);
#497=ORIENTED_EDGE('',*,*,#707,.F.);
#498=ORIENTED_EDGE('',*,*,#756,.F.);
#499=ORIENTED_EDGE('',*,*,#655,.F.);
#500=ORIENTED_EDGE('',*,*,#755,.T.);
#501=ORIENTED_EDGE('',*,*,#647,.F.);
#502=ORIENTED_EDGE('',*,*,#757,.F.);
#503=ORIENTED_EDGE('',*,*,#715,.F.);
#504=ORIENTED_EDGE('',*,*,#756,.T.);
#505=ORIENTED_EDGE('',*,*,#619,.F.);
#506=ORIENTED_EDGE('',*,*,#758,.F.);
#507=ORIENTED_EDGE('',*,*,#656,.F.);
#508=ORIENTED_EDGE('',*,*,#757,.T.);
#509=ORIENTED_EDGE('',*,*,#646,.F.);
#510=ORIENTED_EDGE('',*,*,#759,.F.);
#511=ORIENTED_EDGE('',*,*,#599,.F.);
#512=ORIENTED_EDGE('',*,*,#758,.T.);
#513=ORIENTED_EDGE('',*,*,#693,.F.);
#514=ORIENTED_EDGE('',*,*,#760,.F.);
#515=ORIENTED_EDGE('',*,*,#657,.F.);
#516=ORIENTED_EDGE('',*,*,#759,.T.);
#517=ORIENTED_EDGE('',*,*,#645,.F.);
#518=ORIENTED_EDGE('',*,*,#761,.F.);
#519=ORIENTED_EDGE('',*,*,#717,.F.);
#520=ORIENTED_EDGE('',*,*,#760,.T.);
#521=ORIENTED_EDGE('',*,*,#623,.F.);
#522=ORIENTED_EDGE('',*,*,#762,.F.);
#523=ORIENTED_EDGE('',*,*,#658,.F.);
#524=ORIENTED_EDGE('',*,*,#761,.T.);
#525=ORIENTED_EDGE('',*,*,#644,.F.);
#526=ORIENTED_EDGE('',*,*,#763,.F.);
#527=ORIENTED_EDGE('',*,*,#595,.F.);
#528=ORIENTED_EDGE('',*,*,#762,.T.);
#529=ORIENTED_EDGE('',*,*,#703,.F.);
#530=ORIENTED_EDGE('',*,*,#764,.F.);
#531=ORIENTED_EDGE('',*,*,#659,.F.);
#532=ORIENTED_EDGE('',*,*,#763,.T.);
#533=ORIENTED_EDGE('',*,*,#643,.F.);
#534=ORIENTED_EDGE('',*,*,#765,.F.);
#535=ORIENTED_EDGE('',*,*,#719,.F.);
#536=ORIENTED_EDGE('',*,*,#764,.T.);
#537=ORIENTED_EDGE('',*,*,#627,.F.);
#538=ORIENTED_EDGE('',*,*,#766,.F.);
#539=ORIENTED_EDGE('',*,*,#660,.F.);
#540=ORIENTED_EDGE('',*,*,#765,.T.);
#541=ORIENTED_EDGE('',*,*,#642,.F.);
#542=ORIENTED_EDGE('',*,*,#767,.F.);
#543=ORIENTED_EDGE('',*,*,#591,.F.);
#544=ORIENTED_EDGE('',*,*,#766,.T.);
#545=ORIENTED_EDGE('',*,*,#705,.F.);
#546=ORIENTED_EDGE('',*,*,#768,.F.);
#547=ORIENTED_EDGE('',*,*,#661,.F.);
#548=ORIENTED_EDGE('',*,*,#767,.T.);
#549=ORIENTED_EDGE('',*,*,#641,.F.);
#550=ORIENTED_EDGE('',*,*,#769,.F.);
#551=ORIENTED_EDGE('',*,*,#695,.F.);
#552=ORIENTED_EDGE('',*,*,#768,.T.);
#553=ORIENTED_EDGE('',*,*,#631,.F.);
#554=ORIENTED_EDGE('',*,*,#770,.F.);
#555=ORIENTED_EDGE('',*,*,#662,.F.);
#556=ORIENTED_EDGE('',*,*,#769,.T.);
#557=ORIENTED_EDGE('',*,*,#640,.F.);
#558=ORIENTED_EDGE('',*,*,#771,.F.);
#559=ORIENTED_EDGE('',*,*,#587,.F.);
#560=ORIENTED_EDGE('',*,*,#770,.T.);
#561=ORIENTED_EDGE('',*,*,#701,.F.);
#562=ORIENTED_EDGE('',*,*,#772,.F.);
#563=ORIENTED_EDGE('',*,*,#663,.F.);
#564=ORIENTED_EDGE('',*,*,#771,.T.);
#565=ORIENTED_EDGE('',*,*,#639,.F.);
#566=ORIENTED_EDGE('',*,*,#773,.F.);
#567=ORIENTED_EDGE('',*,*,#697,.F.);
#568=ORIENTED_EDGE('',*,*,#772,.T.);
#569=ORIENTED_EDGE('',*,*,#635,.F.);
#570=ORIENTED_EDGE('',*,*,#774,.F.);
#571=ORIENTED_EDGE('',*,*,#636,.F.);
#572=ORIENTED_EDGE('',*,*,#773,.T.);
#573=ORIENTED_EDGE('',*,*,#638,.F.);
#574=ORIENTED_EDGE('',*,*,#775,.F.);
#575=ORIENTED_EDGE('',*,*,#583,.F.);
#576=ORIENTED_EDGE('',*,*,#774,.T.);
#577=ORIENTED_EDGE('',*,*,#699,.F.);
#578=ORIENTED_EDGE('',*,*,#775,.T.);
#579=ORIENTED_EDGE('',*,*,#637,.F.);
#580=EDGE_CURVE('',#776,#777,#888,.T.);
#581=EDGE_CURVE('',#777,#778,#60,.T.);
#582=EDGE_CURVE('',#778,#779,#889,.F.);
#583=EDGE_CURVE('',#779,#776,#61,.F.);
#584=EDGE_CURVE('',#780,#781,#890,.T.);
#585=EDGE_CURVE('',#781,#782,#891,.T.);
#586=EDGE_CURVE('',#782,#783,#892,.F.);
#587=EDGE_CURVE('',#783,#780,#893,.F.);
#588=EDGE_CURVE('',#784,#785,#894,.T.);
#589=EDGE_CURVE('',#785,#786,#62,.T.);
#590=EDGE_CURVE('',#786,#787,#895,.F.);
#591=EDGE_CURVE('',#787,#784,#63,.F.);
#592=EDGE_CURVE('',#788,#789,#896,.T.);
#593=EDGE_CURVE('',#789,#790,#897,.T.);
#594=EDGE_CURVE('',#790,#791,#898,.F.);
#595=EDGE_CURVE('',#791,#788,#899,.F.);
#596=EDGE_CURVE('',#792,#793,#900,.T.);
#597=EDGE_CURVE('',#793,#794,#64,.T.);
#598=EDGE_CURVE('',#794,#795,#901,.F.);
#599=EDGE_CURVE('',#795,#792,#65,.F.);
#600=EDGE_CURVE('',#796,#797,#902,.T.);
#601=EDGE_CURVE('',#797,#798,#903,.T.);
#602=EDGE_CURVE('',#798,#799,#904,.F.);
#603=EDGE_CURVE('',#799,#796,#905,.F.);
#604=EDGE_CURVE('',#800,#801,#906,.T.);
#605=EDGE_CURVE('',#801,#802,#907,.F.);
#606=EDGE_CURVE('',#802,#803,#908,.F.);
#607=EDGE_CURVE('',#803,#800,#909,.T.);
#608=EDGE_CURVE('',#804,#805,#910,.T.);
#609=EDGE_CURVE('',#805,#806,#911,.F.);
#610=EDGE_CURVE('',#806,#807,#912,.F.);
#611=EDGE_CURVE('',#807,#804,#913,.T.);
#612=EDGE_CURVE('',#808,#809,#914,.T.);
#613=EDGE_CURVE('',#809,#810,#915,.F.);
#614=EDGE_CURVE('',#810,#811,#916,.T.);
#615=EDGE_CURVE('',#811,#808,#917,.T.);
#616=EDGE_CURVE('',#812,#813,#918,.T.);
#617=EDGE_CURVE('',#813,#814,#66,.F.);
#618=EDGE_CURVE('',#814,#815,#919,.F.);
#619=EDGE_CURVE('',#815,#812,#67,.T.);
#620=EDGE_CURVE('',#816,#817,#920,.F.);
#621=EDGE_CURVE('',#817,#818,#921,.F.);
#622=EDGE_CURVE('',#818,#819,#922,.F.);
#623=EDGE_CURVE('',#819,#816,#923,.T.);
#624=EDGE_CURVE('',#820,#821,#924,.T.);
#625=EDGE_CURVE('',#821,#822,#925,.T.);
#626=EDGE_CURVE('',#822,#823,#926,.F.);
#627=EDGE_CURVE('',#823,#820,#927,.F.);
#628=EDGE_CURVE('',#824,#825,#928,.T.);
#629=EDGE_CURVE('',#825,#826,#929,.T.);
#630=EDGE_CURVE('',#826,#827,#930,.F.);
#631=EDGE_CURVE('',#827,#824,#931,.F.);
#632=EDGE_CURVE('',#828,#829,#932,.T.);
#633=EDGE_CURVE('',#829,#830,#933,.T.);
#634=EDGE_CURVE('',#830,#831,#934,.F.);
#635=EDGE_CURVE('',#831,#828,#935,.F.);
#636=EDGE_CURVE('',#832,#833,#936,.T.);
#637=EDGE_CURVE('',#833,#834,#68,.T.);
#638=EDGE_CURVE('',#834,#835,#69,.T.);
#639=EDGE_CURVE('',#835,#836,#70,.T.);
#640=EDGE_CURVE('',#836,#837,#937,.T.);
#641=EDGE_CURVE('',#837,#838,#71,.T.);
#642=EDGE_CURVE('',#838,#839,#72,.T.);
#643=EDGE_CURVE('',#839,#840,#73,.T.);
#644=EDGE_CURVE('',#840,#841,#938,.T.);
#645=EDGE_CURVE('',#841,#842,#74,.T.);
#646=EDGE_CURVE('',#842,#843,#75,.T.);
#647=EDGE_CURVE('',#843,#844,#76,.T.);
#648=EDGE_CURVE('',#844,#845,#939,.T.);
#649=EDGE_CURVE('',#845,#846,#77,.T.);
#650=EDGE_CURVE('',#846,#847,#940,.F.);
#651=EDGE_CURVE('',#847,#848,#78,.T.);
#652=EDGE_CURVE('',#848,#849,#941,.F.);
#653=EDGE_CURVE('',#849,#850,#79,.F.);
#654=EDGE_CURVE('',#850,#851,#942,.F.);
#655=EDGE_CURVE('',#851,#852,#80,.F.);
#656=EDGE_CURVE('',#852,#853,#81,.F.);
#657=EDGE_CURVE('',#853,#854,#82,.F.);
#658=EDGE_CURVE('',#854,#855,#943,.F.);
#659=EDGE_CURVE('',#855,#856,#83,.F.);
#660=EDGE_CURVE('',#856,#857,#944,.T.);
#661=EDGE_CURVE('',#857,#858,#84,.T.);
#662=EDGE_CURVE('',#858,#859,#945,.T.);
#663=EDGE_CURVE('',#859,#832,#85,.T.);
#664=EDGE_CURVE('',#860,#861,#86,.F.);
#665=EDGE_CURVE('',#861,#862,#87,.F.);
#666=EDGE_CURVE('',#862,#863,#946,.F.);
#667=EDGE_CURVE('',#863,#864,#88,.F.);
#668=EDGE_CURVE('',#864,#865,#947,.F.);
#669=EDGE_CURVE('',#865,#866,#89,.F.);
#670=EDGE_CURVE('',#866,#867,#948,.F.);
#671=EDGE_CURVE('',#867,#868,#90,.T.);
#672=EDGE_CURVE('',#868,#869,#949,.T.);
#673=EDGE_CURVE('',#869,#870,#91,.T.);
#674=EDGE_CURVE('',#870,#871,#92,.T.);
#675=EDGE_CURVE('',#871,#872,#93,.T.);
#676=EDGE_CURVE('',#872,#873,#950,.T.);
#677=EDGE_CURVE('',#873,#874,#94,.T.);
#678=EDGE_CURVE('',#874,#875,#951,.T.);
#679=EDGE_CURVE('',#875,#876,#95,.F.);
#680=EDGE_CURVE('',#876,#877,#952,.T.);
#681=EDGE_CURVE('',#877,#878,#96,.F.);
#682=EDGE_CURVE('',#878,#879,#953,.F.);
#683=EDGE_CURVE('',#879,#880,#97,.F.);
#684=EDGE_CURVE('',#880,#881,#98,.F.);
#685=EDGE_CURVE('',#881,#882,#99,.F.);
#686=EDGE_CURVE('',#882,#883,#954,.F.);
#687=EDGE_CURVE('',#883,#884,#100,.F.);
#688=EDGE_CURVE('',#884,#885,#101,.F.);
#689=EDGE_CURVE('',#885,#886,#102,.F.);
#690=EDGE_CURVE('',#886,#887,#955,.F.);
#691=EDGE_CURVE('',#887,#860,#103,.F.);
#692=EDGE_CURVE('',#814,#817,#104,.F.);
#693=EDGE_CURVE('',#816,#815,#105,.T.);
#694=EDGE_CURVE('',#782,#785,#106,.T.);
#695=EDGE_CURVE('',#784,#783,#107,.F.);
#696=EDGE_CURVE('',#778,#781,#108,.T.);
#697=EDGE_CURVE('',#780,#779,#109,.F.);
#698=EDGE_CURVE('',#830,#777,#110,.T.);
#699=EDGE_CURVE('',#776,#831,#111,.F.);
#700=EDGE_CURVE('',#826,#829,#112,.T.);
#701=EDGE_CURVE('',#828,#827,#113,.F.);
#702=EDGE_CURVE('',#818,#821,#114,.F.);
#703=EDGE_CURVE('',#820,#819,#115,.T.);
#704=EDGE_CURVE('',#822,#825,#116,.T.);
#705=EDGE_CURVE('',#824,#823,#117,.F.);
#706=EDGE_CURVE('',#810,#813,#118,.F.);
#707=EDGE_CURVE('',#812,#811,#119,.T.);
#708=EDGE_CURVE('',#806,#809,#120,.F.);
#709=EDGE_CURVE('',#808,#807,#121,.T.);
#710=EDGE_CURVE('',#802,#805,#122,.T.);
#711=EDGE_CURVE('',#804,#803,#123,.F.);
#712=EDGE_CURVE('',#798,#801,#124,.T.);
#713=EDGE_CURVE('',#800,#799,#125,.F.);
#714=EDGE_CURVE('',#794,#797,#126,.T.);
#715=EDGE_CURVE('',#796,#795,#127,.F.);
#716=EDGE_CURVE('',#790,#793,#128,.T.);
#717=EDGE_CURVE('',#792,#791,#129,.F.);
#718=EDGE_CURVE('',#786,#789,#130,.T.);
#719=EDGE_CURVE('',#788,#787,#131,.F.);
#720=EDGE_CURVE('',#805,#875,#132,.T.);
#721=EDGE_CURVE('',#876,#802,#133,.T.);
#722=EDGE_CURVE('',#877,#801,#134,.T.);
#723=EDGE_CURVE('',#806,#874,#135,.T.);
#724=EDGE_CURVE('',#878,#798,#136,.T.);
#725=EDGE_CURVE('',#809,#873,#137,.T.);
#726=EDGE_CURVE('',#879,#797,#138,.T.);
#727=EDGE_CURVE('',#810,#872,#139,.T.);
#728=EDGE_CURVE('',#880,#794,#140,.T.);
#729=EDGE_CURVE('',#813,#871,#141,.T.);
#730=EDGE_CURVE('',#881,#793,#142,.T.);
#731=EDGE_CURVE('',#814,#870,#143,.T.);
#732=EDGE_CURVE('',#882,#790,#144,.T.);
#733=EDGE_CURVE('',#817,#869,#145,.T.);
#734=EDGE_CURVE('',#883,#789,#146,.T.);
#735=EDGE_CURVE('',#818,#868,#147,.T.);
#736=EDGE_CURVE('',#884,#786,#148,.T.);
#737=EDGE_CURVE('',#821,#867,#149,.T.);
#738=EDGE_CURVE('',#885,#785,#150,.T.);
#739=EDGE_CURVE('',#822,#866,#151,.T.);
#740=EDGE_CURVE('',#886,#782,#152,.T.);
#741=EDGE_CURVE('',#825,#865,#153,.T.);
#742=EDGE_CURVE('',#887,#781,#154,.T.);
#743=EDGE_CURVE('',#826,#864,#155,.T.);
#744=EDGE_CURVE('',#860,#778,#156,.T.);
#745=EDGE_CURVE('',#829,#863,#157,.T.);
#746=EDGE_CURVE('',#861,#777,#158,.T.);
#747=EDGE_CURVE('',#830,#862,#159,.T.);
#748=EDGE_CURVE('',#803,#847,#160,.T.);
#749=EDGE_CURVE('',#848,#804,#161,.T.);
#750=EDGE_CURVE('',#849,#807,#162,.T.);
#751=EDGE_CURVE('',#800,#846,#163,.T.);
#752=EDGE_CURVE('',#850,#808,#164,.T.);
#753=EDGE_CURVE('',#799,#845,#165,.T.);
#754=EDGE_CURVE('',#851,#811,#166,.T.);
#755=EDGE_CURVE('',#796,#844,#167,.T.);
#756=EDGE_CURVE('',#852,#812,#168,.T.);
#757=EDGE_CURVE('',#795,#843,#169,.T.);
#758=EDGE_CURVE('',#853,#815,#170,.T.);
#759=EDGE_CURVE('',#792,#842,#171,.T.);
#760=EDGE_CURVE('',#854,#816,#172,.T.);
#761=EDGE_CURVE('',#791,#841,#173,.T.);
#762=EDGE_CURVE('',#855,#819,#174,.T.);
#763=EDGE_CURVE('',#788,#840,#175,.T.);
#764=EDGE_CURVE('',#856,#820,#176,.T.);
#765=EDGE_CURVE('',#787,#839,#177,.T.);
#766=EDGE_CURVE('',#857,#823,#178,.T.);
#767=EDGE_CURVE('',#784,#838,#179,.T.);
#768=EDGE_CURVE('',#858,#824,#180,.T.);
#769=EDGE_CURVE('',#783,#837,#181,.T.);
#770=EDGE_CURVE('',#859,#827,#182,.T.);
#771=EDGE_CURVE('',#780,#836,#183,.T.);
#772=EDGE_CURVE('',#832,#828,#184,.T.);
#773=EDGE_CURVE('',#779,#835,#185,.T.);
#774=EDGE_CURVE('',#833,#831,#186,.T.);
#775=EDGE_CURVE('',#776,#834,#187,.T.);
#776=VERTEX_POINT('',#2048);
#777=VERTEX_POINT('',#2049);
#778=VERTEX_POINT('',#2051);
#779=VERTEX_POINT('',#2053);
#780=VERTEX_POINT('',#2057);
#781=VERTEX_POINT('',#2058);
#782=VERTEX_POINT('',#2060);
#783=VERTEX_POINT('',#2062);
#784=VERTEX_POINT('',#2066);
#785=VERTEX_POINT('',#2067);
#786=VERTEX_POINT('',#2069);
#787=VERTEX_POINT('',#2071);
#788=VERTEX_POINT('',#2075);
#789=VERTEX_POINT('',#2076);
#790=VERTEX_POINT('',#2078);
#791=VERTEX_POINT('',#2080);
#792=VERTEX_POINT('',#2084);
#793=VERTEX_POINT('',#2085);
#794=VERTEX_POINT('',#2087);
#795=VERTEX_POINT('',#2089);
#796=VERTEX_POINT('',#2093);
#797=VERTEX_POINT('',#2094);
#798=VERTEX_POINT('',#2096);
#799=VERTEX_POINT('',#2098);
#800=VERTEX_POINT('',#2102);
#801=VERTEX_POINT('',#2103);
#802=VERTEX_POINT('',#2105);
#803=VERTEX_POINT('',#2107);
#804=VERTEX_POINT('',#2111);
#805=VERTEX_POINT('',#2112);
#806=VERTEX_POINT('',#2114);
#807=VERTEX_POINT('',#2116);
#808=VERTEX_POINT('',#2120);
#809=VERTEX_POINT('',#2121);
#810=VERTEX_POINT('',#2123);
#811=VERTEX_POINT('',#2125);
#812=VERTEX_POINT('',#2129);
#813=VERTEX_POINT('',#2130);
#814=VERTEX_POINT('',#2132);
#815=VERTEX_POINT('',#2134);
#816=VERTEX_POINT('',#2138);
#817=VERTEX_POINT('',#2139);
#818=VERTEX_POINT('',#2141);
#819=VERTEX_POINT('',#2143);
#820=VERTEX_POINT('',#2147);
#821=VERTEX_POINT('',#2148);
#822=VERTEX_POINT('',#2150);
#823=VERTEX_POINT('',#2152);
#824=VERTEX_POINT('',#2156);
#825=VERTEX_POINT('',#2157);
#826=VERTEX_POINT('',#2159);
#827=VERTEX_POINT('',#2161);
#828=VERTEX_POINT('',#2165);
#829=VERTEX_POINT('',#2166);
#830=VERTEX_POINT('',#2168);
#831=VERTEX_POINT('',#2170);
#832=VERTEX_POINT('',#2174);
#833=VERTEX_POINT('',#2175);
#834=VERTEX_POINT('',#2177);
#835=VERTEX_POINT('',#2179);
#836=VERTEX_POINT('',#2181);
#837=VERTEX_POINT('',#2183);
#838=VERTEX_POINT('',#2185);
#839=VERTEX_POINT('',#2187);
#840=VERTEX_POINT('',#2189);
#841=VERTEX_POINT('',#2191);
#842=VERTEX_POINT('',#2193);
#843=VERTEX_POINT('',#2195);
#844=VERTEX_POINT('',#2197);
#845=VERTEX_POINT('',#2199);
#846=VERTEX_POINT('',#2201);
#847=VERTEX_POINT('',#2203);
#848=VERTEX_POINT('',#2205);
#849=VERTEX_POINT('',#2207);
#850=VERTEX_POINT('',#2209);
#851=VERTEX_POINT('',#2211);
#852=VERTEX_POINT('',#2213);
#853=VERTEX_POINT('',#2215);
#854=VERTEX_POINT('',#2217);
#855=VERTEX_POINT('',#2219);
#856=VERTEX_POINT('',#2221);
#857=VERTEX_POINT('',#2223);
#858=VERTEX_POINT('',#2225);
#859=VERTEX_POINT('',#2227);
#860=VERTEX_POINT('',#2231);
#861=VERTEX_POINT('',#2232);
#862=VERTEX_POINT('',#2234);
#863=VERTEX_POINT('',#2236);
#864=VERTEX_POINT('',#2238);
#865=VERTEX_POINT('',#2240);
#866=VERTEX_POINT('',#2242);
#867=VERTEX_POINT('',#2244);
#868=VERTEX_POINT('',#2246);
#869=VERTEX_POINT('',#2248);
#870=VERTEX_POINT('',#2250);
#871=VERTEX_POINT('',#2252);
#872=VERTEX_POINT('',#2254);
#873=VERTEX_POINT('',#2256);
#874=VERTEX_POINT('',#2258);
#875=VERTEX_POINT('',#2260);
#876=VERTEX_POINT('',#2262);
#877=VERTEX_POINT('',#2264);
#878=VERTEX_POINT('',#2266);
#879=VERTEX_POINT('',#2268);
#880=VERTEX_POINT('',#2270);
#881=VERTEX_POINT('',#2272);
#882=VERTEX_POINT('',#2274);
#883=VERTEX_POINT('',#2276);
#884=VERTEX_POINT('',#2278);
#885=VERTEX_POINT('',#2280);
#886=VERTEX_POINT('',#2282);
#887=VERTEX_POINT('',#2284);
#888=LINE('',#2047,#956);
#889=LINE('',#2052,#957);
#890=LINE('',#2056,#958);
#891=LINE('',#2059,#959);
#892=LINE('',#2061,#960);
#893=LINE('',#2063,#961);
#894=LINE('',#2065,#962);
#895=LINE('',#2070,#963);
#896=LINE('',#2074,#964);
#897=LINE('',#2077,#965);
#898=LINE('',#2079,#966);
#899=LINE('',#2081,#967);
#900=LINE('',#2083,#968);
#901=LINE('',#2088,#969);
#902=LINE('',#2092,#970);
#903=LINE('',#2095,#971);
#904=LINE('',#2097,#972);
#905=LINE('',#2099,#973);
#906=LINE('',#2101,#974);
#907=LINE('',#2104,#975);
#908=LINE('',#2106,#976);
#909=LINE('',#2108,#977);
#910=LINE('',#2110,#978);
#911=LINE('',#2113,#979);
#912=LINE('',#2115,#980);
#913=LINE('',#2117,#981);
#914=LINE('',#2119,#982);
#915=LINE('',#2122,#983);
#916=LINE('',#2124,#984);
#917=LINE('',#2126,#985);
#918=LINE('',#2128,#986);
#919=LINE('',#2133,#987);
#920=LINE('',#2137,#988);
#921=LINE('',#2140,#989);
#922=LINE('',#2142,#990);
#923=LINE('',#2144,#991);
#924=LINE('',#2146,#992);
#925=LINE('',#2149,#993);
#926=LINE('',#2151,#994);
#927=LINE('',#2153,#995);
#928=LINE('',#2155,#996);
#929=LINE('',#2158,#997);
#930=LINE('',#2160,#998);
#931=LINE('',#2162,#999);
#932=LINE('',#2164,#1000);
#933=LINE('',#2167,#1001);
#934=LINE('',#2169,#1002);
#935=LINE('',#2171,#1003);
#936=LINE('',#2173,#1004);
#937=LINE('',#2182,#1005);
#938=LINE('',#2190,#1006);
#939=LINE('',#2198,#1007);
#940=LINE('',#2202,#1008);
#941=LINE('',#2206,#1009);
#942=LINE('',#2210,#1010);
#943=LINE('',#2218,#1011);
#944=LINE('',#2222,#1012);
#945=LINE('',#2226,#1013);
#946=LINE('',#2235,#1014);
#947=LINE('',#2239,#1015);
#948=LINE('',#2243,#1016);
#949=LINE('',#2247,#1017);
#950=LINE('',#2255,#1018);
#951=LINE('',#2259,#1019);
#952=LINE('',#2263,#1020);
#953=LINE('',#2267,#1021);
#954=LINE('',#2275,#1022);
#955=LINE('',#2283,#1023);
#956=VECTOR('',#1551,1.);
#957=VECTOR('',#1554,1.);
#958=VECTOR('',#1559,1.);
#959=VECTOR('',#1560,1.);
#960=VECTOR('',#1561,1.);
#961=VECTOR('',#1562,1.);
#962=VECTOR('',#1565,1.);
#963=VECTOR('',#1568,1.);
#964=VECTOR('',#1573,1.);
#965=VECTOR('',#1574,1.);
#966=VECTOR('',#1575,1.);
#967=VECTOR('',#1576,1.);
#968=VECTOR('',#1579,1.);
#969=VECTOR('',#1582,1.);
#970=VECTOR('',#1587,1.);
#971=VECTOR('',#1588,1.);
#972=VECTOR('',#1589,1.);
#973=VECTOR('',#1590,1.);
#974=VECTOR('',#1593,1.);
#975=VECTOR('',#1594,1.);
#976=VECTOR('',#1595,1.);
#977=VECTOR('',#1596,1.);
#978=VECTOR('',#1599,1.);
#979=VECTOR('',#1600,1.);
#980=VECTOR('',#1601,1.);
#981=VECTOR('',#1602,1.);
#982=VECTOR('',#1605,1.);
#983=VECTOR('',#1606,1.);
#984=VECTOR('',#1607,1.);
#985=VECTOR('',#1608,1.);
#986=VECTOR('',#1611,1.);
#987=VECTOR('',#1614,1.);
#988=VECTOR('',#1619,1.);
#989=VECTOR('',#1620,1.);
#990=VECTOR('',#1621,1.);
#991=VECTOR('',#1622,1.);
#992=VECTOR('',#1625,1.);
#993=VECTOR('',#1626,1.);
#994=VECTOR('',#1627,1.);
#995=VECTOR('',#1628,1.);
#996=VECTOR('',#1631,1.);
#997=VECTOR('',#1632,1.);
#998=VECTOR('',#1633,1.);
#999=VECTOR('',#1634,1.);
#1000=VECTOR('',#1637,1.);
#1001=VECTOR('',#1638,1.);
#1002=VECTOR('',#1639,1.);
#1003=VECTOR('',#1640,1.);
#1004=VECTOR('',#1643,1.);
#1005=VECTOR('',#1650,1.);
#1006=VECTOR('',#1657,1.);
#1007=VECTOR('',#1664,1.);
#1008=VECTOR('',#1667,1.);
#1009=VECTOR('',#1670,1.);
#1010=VECTOR('',#1673,1.);
#1011=VECTOR('',#1680,1.);
#1012=VECTOR('',#1683,1.);
#1013=VECTOR('',#1686,1.);
#1014=VECTOR('',#1695,1.);
#1015=VECTOR('',#1698,1.);
#1016=VECTOR('',#1701,1.);
#1017=VECTOR('',#1704,1.);
#1018=VECTOR('',#1711,1.);
#1019=VECTOR('',#1714,1.);
#1020=VECTOR('',#1717,1.);
#1021=VECTOR('',#1720,1.);
#1022=VECTOR('',#1727,1.);
#1023=VECTOR('',#1734,1.);
#1024=EDGE_LOOP('',(#188,#189,#190,#191));
#1025=EDGE_LOOP('',(#192,#193,#194,#195));
#1026=EDGE_LOOP('',(#196,#197,#198,#199));
#1027=EDGE_LOOP('',(#200,#201,#202,#203));
#1028=EDGE_LOOP('',(#204,#205,#206,#207));
#1029=EDGE_LOOP('',(#208,#209,#210,#211));
#1030=EDGE_LOOP('',(#212,#213,#214,#215));
#1031=EDGE_LOOP('',(#216,#217,#218,#219));
#1032=EDGE_LOOP('',(#220,#221,#222,#223));
#1033=EDGE_LOOP('',(#224,#225,#226,#227));
#1034=EDGE_LOOP('',(#228,#229,#230,#231));
#1035=EDGE_LOOP('',(#232,#233,#234,#235));
#1036=EDGE_LOOP('',(#236,#237,#238,#239));
#1037=EDGE_LOOP('',(#240,#241,#242,#243));
#1038=EDGE_LOOP('',(#244,#245,#246,#247,#248,#249,#250,#251,#252,#253,#254,
#255,#256,#257,#258,#259,#260,#261,#262,#263,#264,#265,#266,#267,#268,#269,
#270,#271));
#1039=EDGE_LOOP('',(#272,#273,#274,#275,#276,#277,#278,#279,#280,#281,#282,
#283,#284,#285,#286,#287,#288,#289,#290,#291,#292,#293,#294,#295,#296,#297,
#298,#299));
#1040=EDGE_LOOP('',(#300,#301,#302,#303));
#1041=EDGE_LOOP('',(#304,#305,#306,#307));
#1042=EDGE_LOOP('',(#308,#309,#310,#311));
#1043=EDGE_LOOP('',(#312,#313,#314,#315));
#1044=EDGE_LOOP('',(#316,#317,#318,#319));
#1045=EDGE_LOOP('',(#320,#321,#322,#323));
#1046=EDGE_LOOP('',(#324,#325,#326,#327));
#1047=EDGE_LOOP('',(#328,#329,#330,#331));
#1048=EDGE_LOOP('',(#332,#333,#334,#335));
#1049=EDGE_LOOP('',(#336,#337,#338,#339));
#1050=EDGE_LOOP('',(#340,#341,#342,#343));
#1051=EDGE_LOOP('',(#344,#345,#346,#347));
#1052=EDGE_LOOP('',(#348,#349,#350,#351));
#1053=EDGE_LOOP('',(#352,#353,#354,#355));
#1054=EDGE_LOOP('',(#356,#357,#358,#359));
#1055=EDGE_LOOP('',(#360,#361,#362,#363));
#1056=EDGE_LOOP('',(#364,#365,#366,#367));
#1057=EDGE_LOOP('',(#368,#369,#370,#371));
#1058=EDGE_LOOP('',(#372,#373,#374,#375));
#1059=EDGE_LOOP('',(#376,#377,#378,#379));
#1060=EDGE_LOOP('',(#380,#381,#382,#383));
#1061=EDGE_LOOP('',(#384,#385,#386,#387));
#1062=EDGE_LOOP('',(#388,#389,#390,#391));
#1063=EDGE_LOOP('',(#392,#393,#394,#395));
#1064=EDGE_LOOP('',(#396,#397,#398,#399));
#1065=EDGE_LOOP('',(#400,#401,#402,#403));
#1066=EDGE_LOOP('',(#404,#405,#406,#407));
#1067=EDGE_LOOP('',(#408,#409,#410,#411));
#1068=EDGE_LOOP('',(#412,#413,#414,#415));
#1069=EDGE_LOOP('',(#416,#417,#418,#419));
#1070=EDGE_LOOP('',(#420,#421,#422,#423));
#1071=EDGE_LOOP('',(#424,#425,#426,#427));
#1072=EDGE_LOOP('',(#428,#429,#430,#431));
#1073=EDGE_LOOP('',(#432,#433,#434,#435));
#1074=EDGE_LOOP('',(#436,#437,#438,#439));
#1075=EDGE_LOOP('',(#440,#441,#442,#443));
#1076=EDGE_LOOP('',(#444,#445,#446,#447));
#1077=EDGE_LOOP('',(#448,#449,#450,#451));
#1078=EDGE_LOOP('',(#452,#453,#454,#455));
#1079=EDGE_LOOP('',(#456,#457,#458,#459));
#1080=EDGE_LOOP('',(#460,#461,#462,#463));
#1081=EDGE_LOOP('',(#464,#465,#466,#467));
#1082=EDGE_LOOP('',(#468,#469,#470,#471));
#1083=EDGE_LOOP('',(#472,#473,#474,#475));
#1084=EDGE_LOOP('',(#476,#477,#478,#479));
#1085=EDGE_LOOP('',(#480,#481,#482,#483));
#1086=EDGE_LOOP('',(#484,#485,#486,#487));
#1087=EDGE_LOOP('',(#488,#489,#490,#491));
#1088=EDGE_LOOP('',(#492,#493,#494,#495));
#1089=EDGE_LOOP('',(#496,#497,#498,#499));
#1090=EDGE_LOOP('',(#500,#501,#502,#503));
#1091=EDGE_LOOP('',(#504,#505,#506,#507));
#1092=EDGE_LOOP('',(#508,#509,#510,#511));
#1093=EDGE_LOOP('',(#512,#513,#514,#515));
#1094=EDGE_LOOP('',(#516,#517,#518,#519));
#1095=EDGE_LOOP('',(#520,#521,#522,#523));
#1096=EDGE_LOOP('',(#524,#525,#526,#527));
#1097=EDGE_LOOP('',(#528,#529,#530,#531));
#1098=EDGE_LOOP('',(#532,#533,#534,#535));
#1099=EDGE_LOOP('',(#536,#537,#538,#539));
#1100=EDGE_LOOP('',(#540,#541,#542,#543));
#1101=EDGE_LOOP('',(#544,#545,#546,#547));
#1102=EDGE_LOOP('',(#548,#549,#550,#551));
#1103=EDGE_LOOP('',(#552,#553,#554,#555));
#1104=EDGE_LOOP('',(#556,#557,#558,#559));
#1105=EDGE_LOOP('',(#560,#561,#562,#563));
#1106=EDGE_LOOP('',(#564,#565,#566,#567));
#1107=EDGE_LOOP('',(#568,#569,#570,#571));
#1108=EDGE_LOOP('',(#572,#573,#574,#575));
#1109=EDGE_LOOP('',(#576,#577,#578,#579));
#1110=FACE_BOUND('',#1024,.T.);
#1111=FACE_BOUND('',#1025,.T.);
#1112=FACE_BOUND('',#1026,.T.);
#1113=FACE_BOUND('',#1027,.T.);
#1114=FACE_BOUND('',#1028,.T.);
#1115=FACE_BOUND('',#1029,.T.);
#1116=FACE_BOUND('',#1030,.T.);
#1117=FACE_BOUND('',#1031,.T.);
#1118=FACE_BOUND('',#1032,.T.);
#1119=FACE_BOUND('',#1033,.T.);
#1120=FACE_BOUND('',#1034,.T.);
#1121=FACE_BOUND('',#1035,.T.);
#1122=FACE_BOUND('',#1036,.T.);
#1123=FACE_BOUND('',#1037,.T.);
#1124=FACE_BOUND('',#1038,.T.);
#1125=FACE_BOUND('',#1039,.T.);
#1126=FACE_BOUND('',#1040,.T.);
#1127=FACE_BOUND('',#1041,.T.);
#1128=FACE_BOUND('',#1042,.T.);
#1129=FACE_BOUND('',#1043,.T.);
#1130=FACE_BOUND('',#1044,.T.);
#1131=FACE_BOUND('',#1045,.T.);
#1132=FACE_BOUND('',#1046,.T.);
#1133=FACE_BOUND('',#1047,.T.);
#1134=FACE_BOUND('',#1048,.T.);
#1135=FACE_BOUND('',#1049,.T.);
#1136=FACE_BOUND('',#1050,.T.);
#1137=FACE_BOUND('',#1051,.T.);
#1138=FACE_BOUND('',#1052,.T.);
#1139=FACE_BOUND('',#1053,.T.);
#1140=FACE_BOUND('',#1054,.T.);
#1141=FACE_BOUND('',#1055,.T.);
#1142=FACE_BOUND('',#1056,.T.);
#1143=FACE_BOUND('',#1057,.T.);
#1144=FACE_BOUND('',#1058,.T.);
#1145=FACE_BOUND('',#1059,.T.);
#1146=FACE_BOUND('',#1060,.T.);
#1147=FACE_BOUND('',#1061,.T.);
#1148=FACE_BOUND('',#1062,.T.);
#1149=FACE_BOUND('',#1063,.T.);
#1150=FACE_BOUND('',#1064,.T.);
#1151=FACE_BOUND('',#1065,.T.);
#1152=FACE_BOUND('',#1066,.T.);
#1153=FACE_BOUND('',#1067,.T.);
#1154=FACE_BOUND('',#1068,.T.);
#1155=FACE_BOUND('',#1069,.T.);
#1156=FACE_BOUND('',#1070,.T.);
#1157=FACE_BOUND('',#1071,.T.);
#1158=FACE_BOUND('',#1072,.T.);
#1159=FACE_BOUND('',#1073,.T.);
#1160=FACE_BOUND('',#1074,.T.);
#1161=FACE_BOUND('',#1075,.T.);
#1162=FACE_BOUND('',#1076,.T.);
#1163=FACE_BOUND('',#1077,.T.);
#1164=FACE_BOUND('',#1078,.T.);
#1165=FACE_BOUND('',#1079,.T.);
#1166=FACE_BOUND('',#1080,.T.);
#1167=FACE_BOUND('',#1081,.T.);
#1168=FACE_BOUND('',#1082,.T.);
#1169=FACE_BOUND('',#1083,.T.);
#1170=FACE_BOUND('',#1084,.T.);
#1171=FACE_BOUND('',#1085,.T.);
#1172=FACE_BOUND('',#1086,.T.);
#1173=FACE_BOUND('',#1087,.T.);
#1174=FACE_BOUND('',#1088,.T.);
#1175=FACE_BOUND('',#1089,.T.);
#1176=FACE_BOUND('',#1090,.T.);
#1177=FACE_BOUND('',#1091,.T.);
#1178=FACE_BOUND('',#1092,.T.);
#1179=FACE_BOUND('',#1093,.T.);
#1180=FACE_BOUND('',#1094,.T.);
#1181=FACE_BOUND('',#1095,.T.);
#1182=FACE_BOUND('',#1096,.T.);
#1183=FACE_BOUND('',#1097,.T.);
#1184=FACE_BOUND('',#1098,.T.);
#1185=FACE_BOUND('',#1099,.T.);
#1186=FACE_BOUND('',#1100,.T.);
#1187=FACE_BOUND('',#1101,.T.);
#1188=FACE_BOUND('',#1102,.T.);
#1189=FACE_BOUND('',#1103,.T.);
#1190=FACE_BOUND('',#1104,.T.);
#1191=FACE_BOUND('',#1105,.T.);
#1192=FACE_BOUND('',#1106,.T.);
#1193=FACE_BOUND('',#1107,.T.);
#1194=FACE_BOUND('',#1108,.T.);
#1195=FACE_BOUND('',#1109,.T.);
#1196=CYLINDRICAL_SURFACE('',#1333,0.018);
#1197=CYLINDRICAL_SURFACE('',#1337,0.018);
#1198=CYLINDRICAL_SURFACE('',#1341,0.0180000000000006);
#1199=CYLINDRICAL_SURFACE('',#1348,0.011);
#1200=CYLINDRICAL_SURFACE('',#1393,0.002);
#1201=CYLINDRICAL_SURFACE('',#1396,0.002);
#1202=CYLINDRICAL_SURFACE('',#1399,0.002);
#1203=CYLINDRICAL_SURFACE('',#1402,0.002);
#1204=CYLINDRICAL_SURFACE('',#1405,0.002);
#1205=CYLINDRICAL_SURFACE('',#1408,0.002);
#1206=CYLINDRICAL_SURFACE('',#1411,0.002);
#1207=CYLINDRICAL_SURFACE('',#1414,0.002);
#1208=CYLINDRICAL_SURFACE('',#1417,0.002);
#1209=CYLINDRICAL_SURFACE('',#1420,0.002);
#1210=CYLINDRICAL_SURFACE('',#1423,0.002);
#1211=CYLINDRICAL_SURFACE('',#1426,0.002);
#1212=CYLINDRICAL_SURFACE('',#1429,0.002);
#1213=CYLINDRICAL_SURFACE('',#1432,0.002);
#1214=CYLINDRICAL_SURFACE('',#1438,0.0015);
#1215=CYLINDRICAL_SURFACE('',#1440,0.0015);
#1216=CYLINDRICAL_SURFACE('',#1446,0.0015);
#1217=CYLINDRICAL_SURFACE('',#1448,0.0015);
#1218=CYLINDRICAL_SURFACE('',#1462,0.0015);
#1219=CYLINDRICAL_SURFACE('',#1464,0.0015);
#1220=CYLINDRICAL_SURFACE('',#1472,0.0015);
#1221=CYLINDRICAL_SURFACE('',#1478,0.0015);
#1222=CYLINDRICAL_SURFACE('',#1480,0.0015);
#1223=CYLINDRICAL_SURFACE('',#1488,0.0015);
#1224=CYLINDRICAL_SURFACE('',#1494,0.0015);
#1225=CYLINDRICAL_SURFACE('',#1496,0.0015);
#1226=CYLINDRICAL_SURFACE('',#1502,0.0015);
#1227=CYLINDRICAL_SURFACE('',#1504,0.0015);
#1228=CYLINDRICAL_SURFACE('',#1518,0.0015);
#1229=CYLINDRICAL_SURFACE('',#1520,0.0015);
#1230=CYLINDRICAL_SURFACE('',#1526,0.0015);
#1231=CYLINDRICAL_SURFACE('',#1534,0.0015);
#1232=CYLINDRICAL_SURFACE('',#1536,0.0015);
#1233=CYLINDRICAL_SURFACE('',#1542,0.0015);
#1234=ADVANCED_FACE('',(#1110),#1196,.T.);
#1235=ADVANCED_FACE('',(#1111),#48,.F.);
#1236=ADVANCED_FACE('',(#1112),#1197,.T.);
#1237=ADVANCED_FACE('',(#1113),#49,.F.);
#1238=ADVANCED_FACE('',(#1114),#1198,.T.);
#1239=ADVANCED_FACE('',(#1115),#50,.F.);
#1240=ADVANCED_FACE('',(#1116),#51,.T.);
#1241=ADVANCED_FACE('',(#1117),#52,.T.);
#1242=ADVANCED_FACE('',(#1118),#53,.T.);
#1243=ADVANCED_FACE('',(#1119),#1199,.F.);
#1244=ADVANCED_FACE('',(#1120),#54,.T.);
#1245=ADVANCED_FACE('',(#1121),#55,.F.);
#1246=ADVANCED_FACE('',(#1122),#56,.F.);
#1247=ADVANCED_FACE('',(#1123),#57,.F.);
#1248=ADVANCED_FACE('',(#1124),#58,.T.);
#1249=ADVANCED_FACE('',(#1125),#59,.F.);
#1250=ADVANCED_FACE('',(#1126),#1200,.F.);
#1251=ADVANCED_FACE('',(#1127),#1201,.T.);
#1252=ADVANCED_FACE('',(#1128),#1202,.T.);
#1253=ADVANCED_FACE('',(#1129),#1203,.T.);
#1254=ADVANCED_FACE('',(#1130),#1204,.T.);
#1255=ADVANCED_FACE('',(#1131),#1205,.F.);
#1256=ADVANCED_FACE('',(#1132),#1206,.T.);
#1257=ADVANCED_FACE('',(#1133),#1207,.F.);
#1258=ADVANCED_FACE('',(#1134),#1208,.F.);
#1259=ADVANCED_FACE('',(#1135),#1209,.T.);
#1260=ADVANCED_FACE('',(#1136),#1210,.T.);
#1261=ADVANCED_FACE('',(#1137),#1211,.T.);
#1262=ADVANCED_FACE('',(#1138),#1212,.T.);
#1263=ADVANCED_FACE('',(#1139),#1213,.T.);
#1264=ADVANCED_FACE('',(#1140),#28,.T.);
#1265=ADVANCED_FACE('',(#1141),#1214,.T.);
#1266=ADVANCED_FACE('',(#1142),#1215,.T.);
#1267=ADVANCED_FACE('',(#1143),#29,.T.);
#1268=ADVANCED_FACE('',(#1144),#12,.T.);
#1269=ADVANCED_FACE('',(#1145),#1216,.T.);
#1270=ADVANCED_FACE('',(#1146),#1217,.T.);
#1271=ADVANCED_FACE('',(#1147),#30,.T.);
#1272=ADVANCED_FACE('',(#1148),#13,.T.);
#1273=ADVANCED_FACE('',(#1149),#14,.T.);
#1274=ADVANCED_FACE('',(#1150),#15,.T.);
#1275=ADVANCED_FACE('',(#1151),#31,.T.);
#1276=ADVANCED_FACE('',(#1152),#16,.T.);
#1277=ADVANCED_FACE('',(#1153),#1218,.T.);
#1278=ADVANCED_FACE('',(#1154),#1219,.T.);
#1279=ADVANCED_FACE('',(#1155),#32,.T.);
#1280=ADVANCED_FACE('',(#1156),#17,.T.);
#1281=ADVANCED_FACE('',(#1157),#18,.T.);
#1282=ADVANCED_FACE('',(#1158),#1220,.T.);
#1283=ADVANCED_FACE('',(#1159),#33,.T.);
#1284=ADVANCED_FACE('',(#1160),#34,.T.);
#1285=ADVANCED_FACE('',(#1161),#1221,.T.);
#1286=ADVANCED_FACE('',(#1162),#1222,.T.);
#1287=ADVANCED_FACE('',(#1163),#35,.T.);
#1288=ADVANCED_FACE('',(#1164),#36,.T.);
#1289=ADVANCED_FACE('',(#1165),#19,.T.);
#1290=ADVANCED_FACE('',(#1166),#1223,.T.);
#1291=ADVANCED_FACE('',(#1167),#37,.T.);
#1292=ADVANCED_FACE('',(#1168),#38,.T.);
#1293=ADVANCED_FACE('',(#1169),#1224,.T.);
#1294=ADVANCED_FACE('',(#1170),#1225,.T.);
#1295=ADVANCED_FACE('',(#1171),#20,.T.);
#1296=ADVANCED_FACE('',(#1172),#39,.T.);
#1297=ADVANCED_FACE('',(#1173),#1226,.T.);
#1298=ADVANCED_FACE('',(#1174),#1227,.T.);
#1299=ADVANCED_FACE('',(#1175),#21,.T.);
#1300=ADVANCED_FACE('',(#1176),#40,.T.);
#1301=ADVANCED_FACE('',(#1177),#22,.T.);
#1302=ADVANCED_FACE('',(#1178),#23,.T.);
#1303=ADVANCED_FACE('',(#1179),#24,.T.);
#1304=ADVANCED_FACE('',(#1180),#41,.T.);
#1305=ADVANCED_FACE('',(#1181),#1228,.T.);
#1306=ADVANCED_FACE('',(#1182),#1229,.T.);
#1307=ADVANCED_FACE('',(#1183),#25,.T.);
#1308=ADVANCED_FACE('',(#1184),#42,.T.);
#1309=ADVANCED_FACE('',(#1185),#1230,.T.);
#1310=ADVANCED_FACE('',(#1186),#26,.T.);
#1311=ADVANCED_FACE('',(#1187),#43,.T.);
#1312=ADVANCED_FACE('',(#1188),#44,.T.);
#1313=ADVANCED_FACE('',(#1189),#1231,.T.);
#1314=ADVANCED_FACE('',(#1190),#1232,.T.);
#1315=ADVANCED_FACE('',(#1191),#45,.T.);
#1316=ADVANCED_FACE('',(#1192),#46,.T.);
#1317=ADVANCED_FACE('',(#1193),#1233,.T.);
#1318=ADVANCED_FACE('',(#1194),#27,.T.);
#1319=ADVANCED_FACE('',(#1195),#47,.T.);
#1320=CLOSED_SHELL('',(#1234,#1235,#1236,#1237,#1238,#1239,#1240,#1241,
#1242,#1243,#1244,#1245,#1246,#1247,#1248,#1249,#1250,#1251,#1252,#1253,
#1254,#1255,#1256,#1257,#1258,#1259,#1260,#1261,#1262,#1263,#1264,#1265,
#1266,#1267,#1268,#1269,#1270,#1271,#1272,#1273,#1274,#1275,#1276,#1277,
#1278,#1279,#1280,#1281,#1282,#1283,#1284,#1285,#1286,#1287,#1288,#1289,
#1290,#1291,#1292,#1293,#1294,#1295,#1296,#1297,#1298,#1299,#1300,#1301,
#1302,#1303,#1304,#1305,#1306,#1307,#1308,#1309,#1310,#1311,#1312,#1313,
#1314,#1315,#1316,#1317,#1318,#1319));
#1321=STYLED_ITEM('',(#1322),#1329);
#1322=PRESENTATION_STYLE_ASSIGNMENT((#1323));
#1323=SURFACE_STYLE_USAGE(.BOTH.,#1324);
#1324=SURFACE_SIDE_STYLE('',(#1325));
#1325=SURFACE_STYLE_FILL_AREA(#1326);
#1326=FILL_AREA_STYLE('',(#1327));
#1327=FILL_AREA_STYLE_COLOUR('',#1328);
#1328=COLOUR_RGB('',0.615686274509804,0.811764705882353,0.929411764705882);
#1329=MANIFOLD_SOLID_BREP('Base',#1320);
#1330=SHAPE_DEFINITION_REPRESENTATION(#2446,#1331);
#1331=SHAPE_REPRESENTATION('Base',(#1332),#2441);
#1332=AXIS2_PLACEMENT_3D('',#2045,#1547,#1548);
#1333=AXIS2_PLACEMENT_3D('',#2046,#1549,#1550);
#1334=AXIS2_PLACEMENT_3D('',#2050,#1552,#1553);
#1335=AXIS2_PLACEMENT_3D('',#2054,#1555,#1556);
#1336=AXIS2_PLACEMENT_3D('',#2055,#1557,#1558);
#1337=AXIS2_PLACEMENT_3D('',#2064,#1563,#1564);
#1338=AXIS2_PLACEMENT_3D('',#2068,#1566,#1567);
#1339=AXIS2_PLACEMENT_3D('',#2072,#1569,#1570);
#1340=AXIS2_PLACEMENT_3D('',#2073,#1571,#1572);
#1341=AXIS2_PLACEMENT_3D('',#2082,#1577,#1578);
#1342=AXIS2_PLACEMENT_3D('',#2086,#1580,#1581);
#1343=AXIS2_PLACEMENT_3D('',#2090,#1583,#1584);
#1344=AXIS2_PLACEMENT_3D('',#2091,#1585,#1586);
#1345=AXIS2_PLACEMENT_3D('',#2100,#1591,#1592);
#1346=AXIS2_PLACEMENT_3D('',#2109,#1597,#1598);
#1347=AXIS2_PLACEMENT_3D('',#2118,#1603,#1604);
#1348=AXIS2_PLACEMENT_3D('',#2127,#1609,#1610);
#1349=AXIS2_PLACEMENT_3D('',#2131,#1612,#1613);
#1350=AXIS2_PLACEMENT_3D('',#2135,#1615,#1616);
#1351=AXIS2_PLACEMENT_3D('',#2136,#1617,#1618);
#1352=AXIS2_PLACEMENT_3D('',#2145,#1623,#1624);
#1353=AXIS2_PLACEMENT_3D('',#2154,#1629,#1630);
#1354=AXIS2_PLACEMENT_3D('',#2163,#1635,#1636);
#1355=AXIS2_PLACEMENT_3D('',#2172,#1641,#1642);
#1356=AXIS2_PLACEMENT_3D('',#2176,#1644,#1645);
#1357=AXIS2_PLACEMENT_3D('',#2178,#1646,#1647);
#1358=AXIS2_PLACEMENT_3D('',#2180,#1648,#1649);
#1359=AXIS2_PLACEMENT_3D('',#2184,#1651,#1652);
#1360=AXIS2_PLACEMENT_3D('',#2186,#1653,#1654);
#1361=AXIS2_PLACEMENT_3D('',#2188,#1655,#1656);
#1362=AXIS2_PLACEMENT_3D('',#2192,#1658,#1659);
#1363=AXIS2_PLACEMENT_3D('',#2194,#1660,#1661);
#1364=AXIS2_PLACEMENT_3D('',#2196,#1662,#1663);
#1365=AXIS2_PLACEMENT_3D('',#2200,#1665,#1666);
#1366=AXIS2_PLACEMENT_3D('',#2204,#1668,#1669);
#1367=AXIS2_PLACEMENT_3D('',#2208,#1671,#1672);
#1368=AXIS2_PLACEMENT_3D('',#2212,#1674,#1675);
#1369=AXIS2_PLACEMENT_3D('',#2214,#1676,#1677);
#1370=AXIS2_PLACEMENT_3D('',#2216,#1678,#1679);
#1371=AXIS2_PLACEMENT_3D('',#2220,#1681,#1682);
#1372=AXIS2_PLACEMENT_3D('',#2224,#1684,#1685);
#1373=AXIS2_PLACEMENT_3D('',#2228,#1687,#1688);
#1374=AXIS2_PLACEMENT_3D('',#2229,#1689,#1690);
#1375=AXIS2_PLACEMENT_3D('',#2230,#1691,#1692);
#1376=AXIS2_PLACEMENT_3D('',#2233,#1693,#1694);
#1377=AXIS2_PLACEMENT_3D('',#2237,#1696,#1697);
#1378=AXIS2_PLACEMENT_3D('',#2241,#1699,#1700);
#1379=AXIS2_PLACEMENT_3D('',#2245,#1702,#1703);
#1380=AXIS2_PLACEMENT_3D('',#2249,#1705,#1706);
#1381=AXIS2_PLACEMENT_3D('',#2251,#1707,#1708);
#1382=AXIS2_PLACEMENT_3D('',#2253,#1709,#1710);
#1383=AXIS2_PLACEMENT_3D('',#2257,#1712,#1713);
#1384=AXIS2_PLACEMENT_3D('',#2261,#1715,#1716);
#1385=AXIS2_PLACEMENT_3D('',#2265,#1718,#1719);
#1386=AXIS2_PLACEMENT_3D('',#2269,#1721,#1722);
#1387=AXIS2_PLACEMENT_3D('',#2271,#1723,#1724);
#1388=AXIS2_PLACEMENT_3D('',#2273,#1725,#1726);
#1389=AXIS2_PLACEMENT_3D('',#2277,#1728,#1729);
#1390=AXIS2_PLACEMENT_3D('',#2279,#1730,#1731);
#1391=AXIS2_PLACEMENT_3D('',#2281,#1732,#1733);
#1392=AXIS2_PLACEMENT_3D('',#2285,#1735,#1736);
#1393=AXIS2_PLACEMENT_3D('',#2286,#1737,#1738);
#1394=AXIS2_PLACEMENT_3D('',#2287,#1739,#1740);
#1395=AXIS2_PLACEMENT_3D('',#2288,#1741,#1742);
#1396=AXIS2_PLACEMENT_3D('',#2289,#1743,#1744);
#1397=AXIS2_PLACEMENT_3D('',#2290,#1745,#1746);
#1398=AXIS2_PLACEMENT_3D('',#2291,#1747,#1748);
#1399=AXIS2_PLACEMENT_3D('',#2292,#1749,#1750);
#1400=AXIS2_PLACEMENT_3D('',#2293,#1751,#1752);
#1401=AXIS2_PLACEMENT_3D('',#2294,#1753,#1754);
#1402=AXIS2_PLACEMENT_3D('',#2295,#1755,#1756);
#1403=AXIS2_PLACEMENT_3D('',#2296,#1757,#1758);
#1404=AXIS2_PLACEMENT_3D('',#2297,#1759,#1760);
#1405=AXIS2_PLACEMENT_3D('',#2298,#1761,#1762);
#1406=AXIS2_PLACEMENT_3D('',#2299,#1763,#1764);
#1407=AXIS2_PLACEMENT_3D('',#2300,#1765,#1766);
#1408=AXIS2_PLACEMENT_3D('',#2301,#1767,#1768);
#1409=AXIS2_PLACEMENT_3D('',#2302,#1769,#1770);
#1410=AXIS2_PLACEMENT_3D('',#2303,#1771,#1772);
#1411=AXIS2_PLACEMENT_3D('',#2304,#1773,#1774);
#1412=AXIS2_PLACEMENT_3D('',#2305,#1775,#1776);
#1413=AXIS2_PLACEMENT_3D('',#2306,#1777,#1778);
#1414=AXIS2_PLACEMENT_3D('',#2307,#1779,#1780);
#1415=AXIS2_PLACEMENT_3D('',#2308,#1781,#1782);
#1416=AXIS2_PLACEMENT_3D('',#2309,#1783,#1784);
#1417=AXIS2_PLACEMENT_3D('',#2310,#1785,#1786);
#1418=AXIS2_PLACEMENT_3D('',#2311,#1787,#1788);
#1419=AXIS2_PLACEMENT_3D('',#2312,#1789,#1790);
#1420=AXIS2_PLACEMENT_3D('',#2313,#1791,#1792);
#1421=AXIS2_PLACEMENT_3D('',#2314,#1793,#1794);
#1422=AXIS2_PLACEMENT_3D('',#2315,#1795,#1796);
#1423=AXIS2_PLACEMENT_3D('',#2316,#1797,#1798);
#1424=AXIS2_PLACEMENT_3D('',#2317,#1799,#1800);
#1425=AXIS2_PLACEMENT_3D('',#2318,#1801,#1802);
#1426=AXIS2_PLACEMENT_3D('',#2319,#1803,#1804);
#1427=AXIS2_PLACEMENT_3D('',#2320,#1805,#1806);
#1428=AXIS2_PLACEMENT_3D('',#2321,#1807,#1808);
#1429=AXIS2_PLACEMENT_3D('',#2322,#1809,#1810);
#1430=AXIS2_PLACEMENT_3D('',#2323,#1811,#1812);
#1431=AXIS2_PLACEMENT_3D('',#2324,#1813,#1814);
#1432=AXIS2_PLACEMENT_3D('',#2325,#1815,#1816);
#1433=AXIS2_PLACEMENT_3D('',#2326,#1817,#1818);
#1434=AXIS2_PLACEMENT_3D('',#2327,#1819,#1820);
#1435=AXIS2_PLACEMENT_3D('',#2328,#1821,#1822);
#1436=AXIS2_PLACEMENT_3D('',#2329,#1823,#1824);
#1437=AXIS2_PLACEMENT_3D('',#2330,#1825,#1826);
#1438=AXIS2_PLACEMENT_3D('',#2331,#1827,#1828);
#1439=AXIS2_PLACEMENT_3D('',#2332,#1829,#1830);
#1440=AXIS2_PLACEMENT_3D('',#2333,#1831,#1832);
#1441=AXIS2_PLACEMENT_3D('',#2334,#1833,#1834);
#1442=AXIS2_PLACEMENT_3D('',#2335,#1835,#1836);
#1443=AXIS2_PLACEMENT_3D('',#2336,#1837,#1838);
#1444=AXIS2_PLACEMENT_3D('',#2337,#1839,#1840);
#1445=AXIS2_PLACEMENT_3D('',#2338,#1841,#1842);
#1446=AXIS2_PLACEMENT_3D('',#2339,#1843,#1844);
#1447=AXIS2_PLACEMENT_3D('',#2340,#1845,#1846);
#1448=AXIS2_PLACEMENT_3D('',#2341,#1847,#1848);
#1449=AXIS2_PLACEMENT_3D('',#2342,#1849,#1850);
#1450=AXIS2_PLACEMENT_3D('',#2343,#1851,#1852);
#1451=AXIS2_PLACEMENT_3D('',#2344,#1853,#1854);
#1452=AXIS2_PLACEMENT_3D('',#2345,#1855,#1856);
#1453=AXIS2_PLACEMENT_3D('',#2346,#1857,#1858);
#1454=AXIS2_PLACEMENT_3D('',#2347,#1859,#1860);
#1455=AXIS2_PLACEMENT_3D('',#2348,#1861,#1862);
#1456=AXIS2_PLACEMENT_3D('',#2349,#1863,#1864);
#1457=AXIS2_PLACEMENT_3D('',#2350,#1865,#1866);
#1458=AXIS2_PLACEMENT_3D('',#2351,#1867,#1868);
#1459=AXIS2_PLACEMENT_3D('',#2352,#1869,#1870);
#1460=AXIS2_PLACEMENT_3D('',#2353,#1871,#1872);
#1461=AXIS2_PLACEMENT_3D('',#2354,#1873,#1874);
#1462=AXIS2_PLACEMENT_3D('',#2355,#1875,#1876);
#1463=AXIS2_PLACEMENT_3D('',#2356,#1877,#1878);
#1464=AXIS2_PLACEMENT_3D('',#2357,#1879,#1880);
#1465=AXIS2_PLACEMENT_3D('',#2358,#1881,#1882);
#1466=AXIS2_PLACEMENT_3D('',#2359,#1883,#1884);
#1467=AXIS2_PLACEMENT_3D('',#2360,#1885,#1886);
#1468=AXIS2_PLACEMENT_3D('',#2361,#1887,#1888);
#1469=AXIS2_PLACEMENT_3D('',#2362,#1889,#1890);
#1470=AXIS2_PLACEMENT_3D('',#2363,#1891,#1892);
#1471=AXIS2_PLACEMENT_3D('',#2364,#1893,#1894);
#1472=AXIS2_PLACEMENT_3D('',#2365,#1895,#1896);
#1473=AXIS2_PLACEMENT_3D('',#2366,#1897,#1898);
#1474=AXIS2_PLACEMENT_3D('',#2367,#1899,#1900);
#1475=AXIS2_PLACEMENT_3D('',#2368,#1901,#1902);
#1476=AXIS2_PLACEMENT_3D('',#2369,#1903,#1904);
#1477=AXIS2_PLACEMENT_3D('',#2370,#1905,#1906);
#1478=AXIS2_PLACEMENT_3D('',#2371,#1907,#1908);
#1479=AXIS2_PLACEMENT_3D('',#2372,#1909,#1910);
#1480=AXIS2_PLACEMENT_3D('',#2373,#1911,#1912);
#1481=AXIS2_PLACEMENT_3D('',#2374,#1913,#1914);
#1482=AXIS2_PLACEMENT_3D('',#2375,#1915,#1916);
#1483=AXIS2_PLACEMENT_3D('',#2376,#1917,#1918);
#1484=AXIS2_PLACEMENT_3D('',#2377,#1919,#1920);
#1485=AXIS2_PLACEMENT_3D('',#2378,#1921,#1922);
#1486=AXIS2_PLACEMENT_3D('',#2379,#1923,#1924);
#1487=AXIS2_PLACEMENT_3D('',#2380,#1925,#1926);
#1488=AXIS2_PLACEMENT_3D('',#2381,#1927,#1928);
#1489=AXIS2_PLACEMENT_3D('',#2382,#1929,#1930);
#1490=AXIS2_PLACEMENT_3D('',#2383,#1931,#1932);
#1491=AXIS2_PLACEMENT_3D('',#2384,#1933,#1934);
#1492=AXIS2_PLACEMENT_3D('',#2385,#1935,#1936);
#1493=AXIS2_PLACEMENT_3D('',#2386,#1937,#1938);
#1494=AXIS2_PLACEMENT_3D('',#2387,#1939,#1940);
#1495=AXIS2_PLACEMENT_3D('',#2388,#1941,#1942);
#1496=AXIS2_PLACEMENT_3D('',#2389,#1943,#1944);
#1497=AXIS2_PLACEMENT_3D('',#2390,#1945,#1946);
#1498=AXIS2_PLACEMENT_3D('',#2391,#1947,#1948);
#1499=AXIS2_PLACEMENT_3D('',#2392,#1949,#1950);
#1500=AXIS2_PLACEMENT_3D('',#2393,#1951,#1952);
#1501=AXIS2_PLACEMENT_3D('',#2394,#1953,#1954);
#1502=AXIS2_PLACEMENT_3D('',#2395,#1955,#1956);
#1503=AXIS2_PLACEMENT_3D('',#2396,#1957,#1958);
#1504=AXIS2_PLACEMENT_3D('',#2397,#1959,#1960);
#1505=AXIS2_PLACEMENT_3D('',#2398,#1961,#1962);
#1506=AXIS2_PLACEMENT_3D('',#2399,#1963,#1964);
#1507=AXIS2_PLACEMENT_3D('',#2400,#1965,#1966);
#1508=AXIS2_PLACEMENT_3D('',#2401,#1967,#1968);
#1509=AXIS2_PLACEMENT_3D('',#2402,#1969,#1970);
#1510=AXIS2_PLACEMENT_3D('',#2403,#1971,#1972);
#1511=AXIS2_PLACEMENT_3D('',#2404,#1973,#1974);
#1512=AXIS2_PLACEMENT_3D('',#2405,#1975,#1976);
#1513=AXIS2_PLACEMENT_3D('',#2406,#1977,#1978);
#1514=AXIS2_PLACEMENT_3D('',#2407,#1979,#1980);
#1515=AXIS2_PLACEMENT_3D('',#2408,#1981,#1982);
#1516=AXIS2_PLACEMENT_3D('',#2409,#1983,#1984);
#1517=AXIS2_PLACEMENT_3D('',#2410,#1985,#1986);
#1518=AXIS2_PLACEMENT_3D('',#2411,#1987,#1988);
#1519=AXIS2_PLACEMENT_3D('',#2412,#1989,#1990);
#1520=AXIS2_PLACEMENT_3D('',#2413,#1991,#1992);
#1521=AXIS2_PLACEMENT_3D('',#2414,#1993,#1994);
#1522=AXIS2_PLACEMENT_3D('',#2415,#1995,#1996);
#1523=AXIS2_PLACEMENT_3D('',#2416,#1997,#1998);
#1524=AXIS2_PLACEMENT_3D('',#2417,#1999,#2000);
#1525=AXIS2_PLACEMENT_3D('',#2418,#2001,#2002);
#1526=AXIS2_PLACEMENT_3D('',#2419,#2003,#2004);
#1527=AXIS2_PLACEMENT_3D('',#2420,#2005,#2006);
#1528=AXIS2_PLACEMENT_3D('',#2421,#2007,#2008);
#1529=AXIS2_PLACEMENT_3D('',#2422,#2009,#2010);
#1530=AXIS2_PLACEMENT_3D('',#2423,#2011,#2012);
#1531=AXIS2_PLACEMENT_3D('',#2424,#2013,#2014);
#1532=AXIS2_PLACEMENT_3D('',#2425,#2015,#2016);
#1533=AXIS2_PLACEMENT_3D('',#2426,#2017,#2018);
#1534=AXIS2_PLACEMENT_3D('',#2427,#2019,#2020);
#1535=AXIS2_PLACEMENT_3D('',#2428,#2021,#2022);
#1536=AXIS2_PLACEMENT_3D('',#2429,#2023,#2024);
#1537=AXIS2_PLACEMENT_3D('',#2430,#2025,#2026);
#1538=AXIS2_PLACEMENT_3D('',#2431,#2027,#2028);
#1539=AXIS2_PLACEMENT_3D('',#2432,#2029,#2030);
#1540=AXIS2_PLACEMENT_3D('',#2433,#2031,#2032);
#1541=AXIS2_PLACEMENT_3D('',#2434,#2033,#2034);
#1542=AXIS2_PLACEMENT_3D('',#2435,#2035,#2036);
#1543=AXIS2_PLACEMENT_3D('',#2436,#2037,#2038);
#1544=AXIS2_PLACEMENT_3D('',#2437,#2039,#2040);
#1545=AXIS2_PLACEMENT_3D('',#2438,#2041,#2042);
#1546=AXIS2_PLACEMENT_3D('',#2439,#2043,#2044);
#1547=DIRECTION('',(0.,0.,1.));
#1548=DIRECTION('',(1.,0.,0.));
#1549=DIRECTION('',(0.,0.,-1.));
#1550=DIRECTION('',(-1.,0.,0.));
#1551=DIRECTION('',(0.,0.,-1.));
#1552=DIRECTION('',(0.,0.,1.));
#1553=DIRECTION('',(1.,0.,0.));
#1554=DIRECTION('',(0.,0.,-1.));
#1555=DIRECTION('',(0.,0.,1.));
#1556=DIRECTION('',(1.,0.,0.));
#1557=DIRECTION('',(0.,-1.,0.));
#1558=DIRECTION('',(0.,0.,-1.));
#1559=DIRECTION('',(0.,0.,-1.));
#1560=DIRECTION('',(-1.,0.,0.));
#1561=DIRECTION('',(0.,0.,-1.));
#1562=DIRECTION('',(-1.,0.,0.));
#1563=DIRECTION('',(0.,0.,-1.));
#1564=DIRECTION('',(-1.,0.,0.));
#1565=DIRECTION('',(0.,0.,-1.));
#1566=DIRECTION('',(0.,0.,1.));
#1567=DIRECTION('',(1.,0.,0.));
#1568=DIRECTION('',(0.,0.,-1.));
#1569=DIRECTION('',(0.,0.,1.));
#1570=DIRECTION('',(1.,0.,0.));
#1571=DIRECTION('',(0.,1.,0.));
#1572=DIRECTION('',(0.,0.,1.));
#1573=DIRECTION('',(0.,0.,-1.));
#1574=DIRECTION('',(1.,0.,0.));
#1575=DIRECTION('',(0.,0.,-1.));
#1576=DIRECTION('',(1.,0.,0.));
#1577=DIRECTION('',(0.,0.,-1.));
#1578=DIRECTION('',(-1.,0.,0.));
#1579=DIRECTION('',(0.,0.,-1.));
#1580=DIRECTION('',(0.,0.,1.));
#1581=DIRECTION('',(1.,0.,0.));
#1582=DIRECTION('',(0.,0.,-1.));
#1583=DIRECTION('',(0.,0.,1.));
#1584=DIRECTION('',(1.,0.,0.));
#1585=DIRECTION('',(-1.,0.,0.));
#1586=DIRECTION('',(0.,0.,1.));
#1587=DIRECTION('',(0.,0.,-1.));
#1588=DIRECTION('',(0.,1.,0.));
#1589=DIRECTION('',(0.,0.,-1.));
#1590=DIRECTION('',(0.,1.,0.));
#1591=DIRECTION('',(0.,1.,0.));
#1592=DIRECTION('',(0.,0.,1.));
#1593=DIRECTION('',(0.,0.,-1.));
#1594=DIRECTION('',(1.,0.,0.));
#1595=DIRECTION('',(0.,0.,-1.));
#1596=DIRECTION('',(1.,0.,0.));
#1597=DIRECTION('',(-1.,0.,0.));
#1598=DIRECTION('',(0.,0.,1.));
#1599=DIRECTION('',(0.,0.,-1.));
#1600=DIRECTION('',(0.,1.,0.));
#1601=DIRECTION('',(0.,0.,-1.));
#1602=DIRECTION('',(0.,1.,0.));
#1603=DIRECTION('',(0.,1.,0.));
#1604=DIRECTION('',(0.,0.,1.));
#1605=DIRECTION('',(0.,0.,-1.));
#1606=DIRECTION('',(1.,0.,0.));
#1607=DIRECTION('',(0.,0.,1.));
#1608=DIRECTION('',(1.,0.,0.));
#1609=DIRECTION('',(0.,0.,-1.));
#1610=DIRECTION('',(-1.,0.,0.));
#1611=DIRECTION('',(0.,0.,-1.));
#1612=DIRECTION('',(0.,0.,1.));
#1613=DIRECTION('',(1.,0.,0.));
#1614=DIRECTION('',(0.,0.,-1.));
#1615=DIRECTION('',(0.,0.,1.));
#1616=DIRECTION('',(1.,0.,0.));
#1617=DIRECTION('',(0.,-1.,0.));
#1618=DIRECTION('',(0.,0.,-1.));
#1619=DIRECTION('',(0.,0.,1.));
#1620=DIRECTION('',(-1.,0.,0.));
#1621=DIRECTION('',(0.,0.,-1.));
#1622=DIRECTION('',(-1.,0.,0.));
#1623=DIRECTION('',(1.,0.,0.));
#1624=DIRECTION('',(0.,0.,-1.));
#1625=DIRECTION('',(0.,0.,-1.));
#1626=DIRECTION('',(0.,-1.,0.));
#1627=DIRECTION('',(0.,0.,-1.));
#1628=DIRECTION('',(0.,-1.,0.));
#1629=DIRECTION('',(0.,1.,0.));
#1630=DIRECTION('',(0.,0.,1.));
#1631=DIRECTION('',(0.,0.,-1.));
#1632=DIRECTION('',(1.,0.,0.));
#1633=DIRECTION('',(0.,0.,-1.));
#1634=DIRECTION('',(1.,0.,0.));
#1635=DIRECTION('',(-1.,0.,0.));
#1636=DIRECTION('',(0.,0.,1.));
#1637=DIRECTION('',(0.,0.,-1.));
#1638=DIRECTION('',(0.,1.,0.));
#1639=DIRECTION('',(0.,0.,-1.));
#1640=DIRECTION('',(0.,1.,0.));
#1641=DIRECTION('',(0.,0.,1.));
#1642=DIRECTION('',(1.,0.,0.));
#1643=DIRECTION('',(0.,1.,0.));
#1644=DIRECTION('',(0.,0.,1.));
#1645=DIRECTION('',(1.,0.,0.));
#1646=DIRECTION('',(0.,0.,1.));
#1647=DIRECTION('',(1.,0.,0.));
#1648=DIRECTION('',(0.,0.,1.));
#1649=DIRECTION('',(1.,0.,0.));
#1650=DIRECTION('',(-1.,0.,0.));
#1651=DIRECTION('',(0.,0.,1.));
#1652=DIRECTION('',(1.,0.,0.));
#1653=DIRECTION('',(0.,0.,1.));
#1654=DIRECTION('',(1.,0.,0.));
#1655=DIRECTION('',(0.,0.,1.));
#1656=DIRECTION('',(1.,0.,0.));
#1657=DIRECTION('',(1.,0.,0.));
#1658=DIRECTION('',(0.,0.,1.));
#1659=DIRECTION('',(1.,0.,0.));
#1660=DIRECTION('',(0.,0.,1.));
#1661=DIRECTION('',(1.,0.,0.));
#1662=DIRECTION('',(0.,0.,1.));
#1663=DIRECTION('',(1.,0.,0.));
#1664=DIRECTION('',(0.,1.,0.));
#1665=DIRECTION('',(0.,0.,1.));
#1666=DIRECTION('',(1.,0.,0.));
#1667=DIRECTION('',(1.,0.,0.));
#1668=DIRECTION('',(0.,0.,1.));
#1669=DIRECTION('',(1.,0.,0.));
#1670=DIRECTION('',(0.,1.,0.));
#1671=DIRECTION('',(0.,0.,1.));
#1672=DIRECTION('',(1.,0.,0.));
#1673=DIRECTION('',(1.,0.,0.));
#1674=DIRECTION('',(0.,0.,1.));
#1675=DIRECTION('',(1.,0.,0.));
#1676=DIRECTION('',(0.,0.,1.));
#1677=DIRECTION('',(1.,0.,0.));
#1678=DIRECTION('',(0.,0.,1.));
#1679=DIRECTION('',(1.,0.,0.));
#1680=DIRECTION('',(-1.,0.,0.));
#1681=DIRECTION('',(0.,0.,1.));
#1682=DIRECTION('',(1.,0.,0.));
#1683=DIRECTION('',(0.,-1.,0.));
#1684=DIRECTION('',(0.,0.,1.));
#1685=DIRECTION('',(1.,0.,0.));
#1686=DIRECTION('',(1.,0.,0.));
#1687=DIRECTION('',(0.,0.,1.));
#1688=DIRECTION('',(1.,0.,0.));
#1689=DIRECTION('',(0.,0.,1.));
#1690=DIRECTION('',(1.,0.,0.));
#1691=DIRECTION('',(0.,0.,1.));
#1692=DIRECTION('',(1.,0.,0.));
#1693=DIRECTION('',(0.,0.,1.));
#1694=DIRECTION('',(1.,0.,0.));
#1695=DIRECTION('',(0.,1.,0.));
#1696=DIRECTION('',(0.,0.,1.));
#1697=DIRECTION('',(1.,0.,0.));
#1698=DIRECTION('',(1.,0.,0.));
#1699=DIRECTION('',(0.,0.,1.));
#1700=DIRECTION('',(1.,0.,0.));
#1701=DIRECTION('',(0.,-1.,0.));
#1702=DIRECTION('',(0.,0.,1.));
#1703=DIRECTION('',(1.,0.,0.));
#1704=DIRECTION('',(-1.,0.,0.));
#1705=DIRECTION('',(0.,0.,1.));
#1706=DIRECTION('',(1.,0.,0.));
#1707=DIRECTION('',(0.,0.,1.));
#1708=DIRECTION('',(1.,0.,0.));
#1709=DIRECTION('',(0.,0.,1.));
#1710=DIRECTION('',(1.,0.,0.));
#1711=DIRECTION('',(1.,0.,0.));
#1712=DIRECTION('',(0.,0.,1.));
#1713=DIRECTION('',(1.,0.,0.));
#1714=DIRECTION('',(0.,1.,0.));
#1715=DIRECTION('',(0.,0.,1.));
#1716=DIRECTION('',(1.,0.,0.));
#1717=DIRECTION('',(1.,0.,0.));
#1718=DIRECTION('',(0.,0.,1.));
#1719=DIRECTION('',(1.,0.,0.));
#1720=DIRECTION('',(0.,1.,0.));
#1721=DIRECTION('',(0.,0.,1.));
#1722=DIRECTION('',(1.,0.,0.));
#1723=DIRECTION('',(0.,0.,1.));
#1724=DIRECTION('',(1.,0.,0.));
#1725=DIRECTION('',(0.,0.,1.));
#1726=DIRECTION('',(1.,0.,0.));
#1727=DIRECTION('',(1.,0.,0.));
#1728=DIRECTION('',(0.,0.,1.));
#1729=DIRECTION('',(1.,0.,0.));
#1730=DIRECTION('',(0.,0.,1.));
#1731=DIRECTION('',(1.,0.,0.));
#1732=DIRECTION('',(0.,0.,1.));
#1733=DIRECTION('',(1.,0.,0.));
#1734=DIRECTION('',(-1.,0.,0.));
#1735=DIRECTION('',(0.,0.,1.));
#1736=DIRECTION('',(1.,0.,0.));
#1737=DIRECTION('',(0.,0.,-1.));
#1738=DIRECTION('',(-1.,0.,0.));
#1739=DIRECTION('',(0.,0.,1.));
#1740=DIRECTION('',(1.,0.,0.));
#1741=DIRECTION('',(0.,0.,1.));
#1742=DIRECTION('',(1.,0.,0.));
#1743=DIRECTION('',(0.,0.,-1.));
#1744=DIRECTION('',(-1.,0.,0.));
#1745=DIRECTION('',(0.,0.,1.));
#1746=DIRECTION('',(1.,0.,0.));
#1747=DIRECTION('',(0.,0.,1.));
#1748=DIRECTION('',(1.,0.,0.));
#1749=DIRECTION('',(0.,0.,-1.));
#1750=DIRECTION('',(-1.,0.,0.));
#1751=DIRECTION('',(0.,0.,1.));
#1752=DIRECTION('',(1.,0.,0.));
#1753=DIRECTION('',(0.,0.,1.));
#1754=DIRECTION('',(1.,0.,0.));
#1755=DIRECTION('',(0.,0.,-1.));
#1756=DIRECTION('',(-1.,0.,0.));
#1757=DIRECTION('',(0.,0.,1.));
#1758=DIRECTION('',(1.,0.,0.));
#1759=DIRECTION('',(0.,0.,1.));
#1760=DIRECTION('',(1.,0.,0.));
#1761=DIRECTION('',(0.,0.,-1.));
#1762=DIRECTION('',(-1.,0.,0.));
#1763=DIRECTION('',(0.,0.,1.));
#1764=DIRECTION('',(1.,0.,0.));
#1765=DIRECTION('',(0.,0.,1.));
#1766=DIRECTION('',(1.,0.,0.));
#1767=DIRECTION('',(0.,0.,-1.));
#1768=DIRECTION('',(-1.,0.,0.));
#1769=DIRECTION('',(0.,0.,1.));
#1770=DIRECTION('',(1.,0.,0.));
#1771=DIRECTION('',(0.,0.,1.));
#1772=DIRECTION('',(1.,0.,0.));
#1773=DIRECTION('',(0.,0.,-1.));
#1774=DIRECTION('',(-1.,0.,0.));
#1775=DIRECTION('',(0.,0.,1.));
#1776=DIRECTION('',(1.,0.,0.));
#1777=DIRECTION('',(0.,0.,1.));
#1778=DIRECTION('',(1.,0.,0.));
#1779=DIRECTION('',(0.,0.,-1.));
#1780=DIRECTION('',(-1.,0.,0.));
#1781=DIRECTION('',(0.,0.,1.));
#1782=DIRECTION('',(1.,0.,0.));
#1783=DIRECTION('',(0.,0.,1.));
#1784=DIRECTION('',(1.,0.,0.));
#1785=DIRECTION('',(0.,0.,1.));
#1786=DIRECTION('',(1.,0.,0.));
#1787=DIRECTION('',(0.,0.,1.));
#1788=DIRECTION('',(1.,0.,0.));
#1789=DIRECTION('',(0.,0.,1.));
#1790=DIRECTION('',(1.,0.,0.));
#1791=DIRECTION('',(0.,0.,-1.));
#1792=DIRECTION('',(-1.,0.,0.));
#1793=DIRECTION('',(0.,0.,1.));
#1794=DIRECTION('',(1.,0.,0.));
#1795=DIRECTION('',(0.,0.,1.));
#1796=DIRECTION('',(1.,0.,0.));
#1797=DIRECTION('',(0.,0.,1.));
#1798=DIRECTION('',(1.,0.,0.));
#1799=DIRECTION('',(0.,0.,1.));
#1800=DIRECTION('',(1.,0.,0.));
#1801=DIRECTION('',(0.,0.,1.));
#1802=DIRECTION('',(1.,0.,0.));
#1803=DIRECTION('',(0.,0.,-1.));
#1804=DIRECTION('',(-1.,0.,0.));
#1805=DIRECTION('',(0.,0.,1.));
#1806=DIRECTION('',(1.,0.,0.));
#1807=DIRECTION('',(0.,0.,1.));
#1808=DIRECTION('',(1.,0.,0.));
#1809=DIRECTION('',(0.,0.,-1.));
#1810=DIRECTION('',(-1.,0.,0.));
#1811=DIRECTION('',(0.,0.,1.));
#1812=DIRECTION('',(1.,0.,0.));
#1813=DIRECTION('',(0.,0.,1.));
#1814=DIRECTION('',(1.,0.,0.));
#1815=DIRECTION('',(0.,0.,-1.));
#1816=DIRECTION('',(-1.,0.,0.));
#1817=DIRECTION('',(0.,0.,1.));
#1818=DIRECTION('',(1.,0.,0.));
#1819=DIRECTION('',(0.,0.,1.));
#1820=DIRECTION('',(1.,0.,0.));
#1821=DIRECTION('',(0.,0.,1.));
#1822=DIRECTION('',(1.,0.,0.));
#1823=DIRECTION('',(0.,-1.,0.));
#1824=DIRECTION('',(0.,0.,-1.));
#1825=DIRECTION('',(1.,0.,0.));
#1826=DIRECTION('',(0.,0.,-1.));
#1827=DIRECTION('',(-1.,0.,0.));
#1828=DIRECTION('',(0.,0.,1.));
#1829=DIRECTION('',(1.,0.,0.));
#1830=DIRECTION('',(0.,0.,-1.));
#1831=DIRECTION('',(0.,-1.,0.));
#1832=DIRECTION('',(0.,0.,-1.));
#1833=DIRECTION('',(0.,-1.,0.));
#1834=DIRECTION('',(0.,0.,-1.));
#1835=DIRECTION('',(0.,0.,1.));
#1836=DIRECTION('',(1.,0.,0.));
#1837=DIRECTION('',(0.,-1.,0.));
#1838=DIRECTION('',(0.,0.,-1.));
#1839=DIRECTION('',(0.,0.,1.));
#1840=DIRECTION('',(1.,0.,0.));
#1841=DIRECTION('',(-1.,0.,0.));
#1842=DIRECTION('',(0.,0.,1.));
#1843=DIRECTION('',(0.,1.,0.));
#1844=DIRECTION('',(0.,0.,1.));
#1845=DIRECTION('',(0.,-1.,0.));
#1846=DIRECTION('',(0.,0.,-1.));
#1847=DIRECTION('',(-1.,0.,0.));
#1848=DIRECTION('',(0.,0.,1.));
#1849=DIRECTION('',(-1.,0.,0.));
#1850=DIRECTION('',(0.,0.,1.));
#1851=DIRECTION('',(0.,0.,1.));
#1852=DIRECTION('',(1.,0.,0.));
#1853=DIRECTION('',(-0.898076459412981,-0.439839371871419,0.));
#1854=DIRECTION('',(0.439839371871419,-0.898076459412981,0.));
#1855=DIRECTION('',(0.,0.,1.));
#1856=DIRECTION('',(1.,0.,0.));
#1857=DIRECTION('',(-0.936480756367453,0.350718965773798,6.48960451624655E-15));
#1858=DIRECTION('',(-0.350718965773798,-0.936480756367453,0.));
#1859=DIRECTION('',(0.,0.,1.));
#1860=DIRECTION('',(1.,0.,0.));
#1861=DIRECTION('',(-0.978527723938096,-0.206115243212457,0.));
#1862=DIRECTION('',(0.206115243212457,-0.978527723938096,0.));
#1863=DIRECTION('',(0.,0.,1.));
#1864=DIRECTION('',(1.,0.,0.));
#1865=DIRECTION('',(0.893047772215812,0.449961861206454,-4.16298348762162E-15));
#1866=DIRECTION('',(-0.449961861206454,0.893047772215812,0.));
#1867=DIRECTION('',(0.,0.,1.));
#1868=DIRECTION('',(1.,0.,0.));
#1869=DIRECTION('',(-1.,0.,0.));
#1870=DIRECTION('',(0.,0.,1.));
#1871=DIRECTION('',(0.,0.,1.));
#1872=DIRECTION('',(1.,0.,0.));
#1873=DIRECTION('',(1.,0.,0.));
#1874=DIRECTION('',(0.,0.,-1.));
#1875=DIRECTION('',(1.,0.,0.));
#1876=DIRECTION('',(0.,0.,-1.));
#1877=DIRECTION('',(-1.,0.,0.));
#1878=DIRECTION('',(0.,0.,1.));
#1879=DIRECTION('',(1.,0.,0.));
#1880=DIRECTION('',(0.,0.,-1.));
#1881=DIRECTION('',(1.,0.,0.));
#1882=DIRECTION('',(0.,0.,-1.));
#1883=DIRECTION('',(0.,0.,1.));
#1884=DIRECTION('',(1.,0.,0.));
#1885=DIRECTION('',(-0.978527723938111,0.206115243212383,0.));
#1886=DIRECTION('',(-0.206115243212383,-0.978527723938111,0.));
#1887=DIRECTION('',(0.,0.,1.));
#1888=DIRECTION('',(1.,0.,0.));
#1889=DIRECTION('',(0.,-1.,0.));
#1890=DIRECTION('',(0.,0.,-1.));
#1891=DIRECTION('',(0.,0.,1.));
#1892=DIRECTION('',(1.,0.,0.));
#1893=DIRECTION('',(0.964276566120835,0.264897534964391,0.));
#1894=DIRECTION('',(-0.264897534964391,0.964276566120835,0.));
#1895=DIRECTION('',(0.,-1.,0.));
#1896=DIRECTION('',(0.,0.,-1.));
#1897=DIRECTION('',(0.,-1.,0.));
#1898=DIRECTION('',(0.,0.,-1.));
#1899=DIRECTION('',(0.,0.,1.));
#1900=DIRECTION('',(1.,0.,0.));
#1901=DIRECTION('',(1.,0.,0.));
#1902=DIRECTION('',(0.,0.,-1.));
#1903=DIRECTION('',(0.,0.,1.));
#1904=DIRECTION('',(1.,0.,0.));
#1905=DIRECTION('',(1.,0.,0.));
#1906=DIRECTION('',(0.,0.,-1.));
#1907=DIRECTION('',(-1.,0.,0.));
#1908=DIRECTION('',(0.,0.,1.));
#1909=DIRECTION('',(1.,0.,0.));
#1910=DIRECTION('',(0.,0.,-1.));
#1911=DIRECTION('',(1.,0.,0.));
#1912=DIRECTION('',(0.,0.,-1.));
#1913=DIRECTION('',(1.,0.,0.));
#1914=DIRECTION('',(0.,0.,-1.));
#1915=DIRECTION('',(0.,0.,1.));
#1916=DIRECTION('',(1.,0.,0.));
#1917=DIRECTION('',(0.964276566120835,-0.264897534964391,0.));
#1918=DIRECTION('',(0.264897534964391,0.964276566120835,0.));
#1919=DIRECTION('',(0.,0.,1.));
#1920=DIRECTION('',(1.,0.,0.));
#1921=DIRECTION('',(0.,1.,0.));
#1922=DIRECTION('',(0.,0.,1.));
#1923=DIRECTION('',(0.,0.,1.));
#1924=DIRECTION('',(1.,0.,0.));
#1925=DIRECTION('',(0.864670547357678,-0.502339371871421,0.));
#1926=DIRECTION('',(0.502339371871421,0.864670547357678,0.));
#1927=DIRECTION('',(0.,1.,0.));
#1928=DIRECTION('',(0.,0.,1.));
#1929=DIRECTION('',(0.,1.,0.));
#1930=DIRECTION('',(0.,0.,1.));
#1931=DIRECTION('',(0.,0.,1.));
#1932=DIRECTION('',(1.,0.,0.));
#1933=DIRECTION('',(0.,0.,1.));
#1934=DIRECTION('',(1.,0.,0.));
#1935=DIRECTION('',(1.,0.,0.));
#1936=DIRECTION('',(0.,0.,-1.));
#1937=DIRECTION('',(0.,-1.,0.));
#1938=DIRECTION('',(0.,0.,-1.));
#1939=DIRECTION('',(0.,1.,0.));
#1940=DIRECTION('',(0.,0.,1.));
#1941=DIRECTION('',(0.,-1.,0.));
#1942=DIRECTION('',(0.,0.,-1.));
#1943=DIRECTION('',(1.,0.,0.));
#1944=DIRECTION('',(0.,0.,-1.));
#1945=DIRECTION('',(1.,0.,0.));
#1946=DIRECTION('',(0.,0.,-1.));
#1947=DIRECTION('',(0.,0.,1.));
#1948=DIRECTION('',(1.,0.,0.));
#1949=DIRECTION('',(-1.,0.,0.));
#1950=DIRECTION('',(0.,0.,1.));
#1951=DIRECTION('',(0.,0.,1.));
#1952=DIRECTION('',(1.,0.,0.));
#1953=DIRECTION('',(0.,-1.,0.));
#1954=DIRECTION('',(0.,0.,-1.));
#1955=DIRECTION('',(1.,0.,0.));
#1956=DIRECTION('',(0.,0.,-1.));
#1957=DIRECTION('',(-1.,0.,0.));
#1958=DIRECTION('',(0.,0.,1.));
#1959=DIRECTION('',(0.,-1.,0.));
#1960=DIRECTION('',(0.,0.,-1.));
#1961=DIRECTION('',(0.,-1.,0.));
#1962=DIRECTION('',(0.,0.,-1.));
#1963=DIRECTION('',(0.,0.,1.));
#1964=DIRECTION('',(1.,0.,0.));
#1965=DIRECTION('',(-0.936480756367451,0.350718965773804,0.));
#1966=DIRECTION('',(-0.350718965773804,-0.936480756367451,0.));
#1967=DIRECTION('',(0.,0.,1.));
#1968=DIRECTION('',(1.,0.,0.));
#1969=DIRECTION('',(-0.898076459412981,-0.439839371871419,0.));
#1970=DIRECTION('',(0.439839371871419,-0.898076459412981,0.));
#1971=DIRECTION('',(0.,0.,1.));
#1972=DIRECTION('',(1.,0.,0.));
#1973=DIRECTION('',(0.89304777221581,0.449961861206458,0.));
#1974=DIRECTION('',(-0.449961861206458,0.89304777221581,0.));
#1975=DIRECTION('',(0.,0.,1.));
#1976=DIRECTION('',(1.,0.,0.));
#1977=DIRECTION('',(-0.978527723938095,-0.206115243212457,9.53474536419518E-16));
#1978=DIRECTION('',(0.206115243212457,-0.978527723938096,0.));
#1979=DIRECTION('',(0.,0.,1.));
#1980=DIRECTION('',(1.,0.,0.));
#1981=DIRECTION('',(1.,0.,0.));
#1982=DIRECTION('',(0.,0.,-1.));
#1983=DIRECTION('',(0.,0.,1.));
#1984=DIRECTION('',(1.,0.,0.));
#1985=DIRECTION('',(-1.,0.,0.));
#1986=DIRECTION('',(0.,0.,1.));
#1987=DIRECTION('',(-1.,0.,0.));
#1988=DIRECTION('',(0.,0.,1.));
#1989=DIRECTION('',(1.,0.,0.));
#1990=DIRECTION('',(0.,0.,-1.));
#1991=DIRECTION('',(-1.,0.,0.));
#1992=DIRECTION('',(0.,0.,1.));
#1993=DIRECTION('',(-1.,0.,0.));
#1994=DIRECTION('',(0.,0.,1.));
#1995=DIRECTION('',(0.,0.,1.));
#1996=DIRECTION('',(1.,0.,0.));
#1997=DIRECTION('',(0.,-1.,0.));
#1998=DIRECTION('',(0.,0.,-1.));
#1999=DIRECTION('',(0.,0.,1.));
#2000=DIRECTION('',(1.,0.,0.));
#2001=DIRECTION('',(-0.978527723938111,0.206115243212384,-9.53474536419177E-16));
#2002=DIRECTION('',(-0.206115243212384,-0.978527723938111,0.));
#2003=DIRECTION('',(0.,1.,0.));
#2004=DIRECTION('',(0.,0.,1.));
#2005=DIRECTION('',(0.,-1.,0.));
#2006=DIRECTION('',(0.,0.,-1.));
#2007=DIRECTION('',(0.,0.,1.));
#2008=DIRECTION('',(1.,0.,0.));
#2009=DIRECTION('',(0.964276566120834,0.264897534964393,2.45079452069931E-15));
#2010=DIRECTION('',(-0.264897534964393,0.964276566120834,0.));
#2011=DIRECTION('',(0.,0.,1.));
#2012=DIRECTION('',(1.,0.,0.));
#2013=DIRECTION('',(1.,0.,0.));
#2014=DIRECTION('',(0.,0.,-1.));
#2015=DIRECTION('',(0.,0.,1.));
#2016=DIRECTION('',(1.,0.,0.));
#2017=DIRECTION('',(1.,0.,0.));
#2018=DIRECTION('',(0.,0.,-1.));
#2019=DIRECTION('',(-1.,0.,0.));
#2020=DIRECTION('',(0.,0.,1.));
#2021=DIRECTION('',(1.,0.,0.));
#2022=DIRECTION('',(0.,0.,-1.));
#2023=DIRECTION('',(1.,0.,0.));
#2024=DIRECTION('',(0.,0.,-1.));
#2025=DIRECTION('',(1.,0.,0.));
#2026=DIRECTION('',(0.,0.,-1.));
#2027=DIRECTION('',(0.,0.,1.));
#2028=DIRECTION('',(1.,0.,0.));
#2029=DIRECTION('',(0.,1.,0.));
#2030=DIRECTION('',(0.,0.,1.));
#2031=DIRECTION('',(0.,0.,1.));
#2032=DIRECTION('',(1.,0.,0.));
#2033=DIRECTION('',(0.964276566120834,-0.264897534964393,-2.45079452069931E-15));
#2034=DIRECTION('',(0.264897534964393,0.964276566120834,0.));
#2035=DIRECTION('',(0.,-1.,0.));
#2036=DIRECTION('',(0.,0.,-1.));
#2037=DIRECTION('',(0.,1.,0.));
#2038=DIRECTION('',(0.,0.,1.));
#2039=DIRECTION('',(0.,0.,1.));
#2040=DIRECTION('',(1.,0.,0.));
#2041=DIRECTION('',(0.86467054735768,-0.502339371871417,4.64757280689488E-15));
#2042=DIRECTION('',(0.502339371871417,0.86467054735768,0.));
#2043=DIRECTION('',(0.,0.,1.));
#2044=DIRECTION('',(1.,0.,0.));
#2045=CARTESIAN_POINT('',(0.,0.,0.));
#2046=CARTESIAN_POINT('',(-0.611725292879354,0.0728232947568457,0.007));
#2047=CARTESIAN_POINT('',(-0.602683184185669,0.0883873646092839,0.007));
#2048=CARTESIAN_POINT('',(-0.602683184185669,0.0883873646092839,0.0055));
#2049=CARTESIAN_POINT('',(-0.602683184185669,0.0883873646092839,0.0015));
#2050=CARTESIAN_POINT('',(-0.611725292879354,0.0728232947568457,0.0015));
#2051=CARTESIAN_POINT('',(-0.606957137249995,0.0901802729470205,0.0015));
#2052=CARTESIAN_POINT('',(-0.606957137249995,0.0901802729470205,0.007));
#2053=CARTESIAN_POINT('',(-0.606957137249995,0.0901802729470205,0.0055));
#2054=CARTESIAN_POINT('',(-0.611725292879354,0.0728232947568457,0.0055));
#2055=CARTESIAN_POINT('',(-0.611725292879354,0.0902517198147788,0.007));
#2056=CARTESIAN_POINT('',(-0.607486932319923,0.0902517198147788,0.007));
#2057=CARTESIAN_POINT('',(-0.607486932319923,0.0902517198147788,0.0055));
#2058=CARTESIAN_POINT('',(-0.607486932319923,0.0902517198147788,0.0015));
#2059=CARTESIAN_POINT('',(-0.611725292879354,0.0902517198147788,0.0015));
#2060=CARTESIAN_POINT('',(-0.615963653438784,0.0902517198147788,0.0015));
#2061=CARTESIAN_POINT('',(-0.615963653438784,0.0902517198147788,0.007));
#2062=CARTESIAN_POINT('',(-0.615963653438784,0.0902517198147788,0.0055));
#2063=CARTESIAN_POINT('',(-0.607486932319923,0.0902517198147788,0.0055));
#2064=CARTESIAN_POINT('',(-0.611725292879354,0.0728232947568455,0.007));
#2065=CARTESIAN_POINT('',(-0.616493448508713,0.0901802729470204,0.007));
#2066=CARTESIAN_POINT('',(-0.616493448508713,0.0901802729470204,0.0055));
#2067=CARTESIAN_POINT('',(-0.616493448508713,0.0901802729470204,0.0015));
#2068=CARTESIAN_POINT('',(-0.611725292879354,0.0728232947568455,0.0015));
#2069=CARTESIAN_POINT('',(-0.615435367257177,0.0552097957259596,0.0015));
#2070=CARTESIAN_POINT('',(-0.615435367257177,0.0552097957259596,0.007));
#2071=CARTESIAN_POINT('',(-0.615435367257177,0.0552097957259596,0.0055));
#2072=CARTESIAN_POINT('',(-0.611725292879354,0.0728232947568455,0.0055));
#2073=CARTESIAN_POINT('',(-0.611725292879354,0.0551668511738358,0.007));
#2074=CARTESIAN_POINT('',(-0.615023136770752,0.0551668511738358,0.007));
#2075=CARTESIAN_POINT('',(-0.615023136770752,0.0551668511738358,0.0055));
#2076=CARTESIAN_POINT('',(-0.615023136770752,0.0551668511738358,0.0015));
#2077=CARTESIAN_POINT('',(-0.611725292879354,0.0551668511738358,0.0015));
#2078=CARTESIAN_POINT('',(-0.608427448987955,0.0551668511738358,0.0015));
#2079=CARTESIAN_POINT('',(-0.608427448987955,0.0551668511738358,0.007));
#2080=CARTESIAN_POINT('',(-0.608427448987955,0.0551668511738358,0.0055));
#2081=CARTESIAN_POINT('',(-0.615023136770752,0.0551668511738358,0.0055));
#2082=CARTESIAN_POINT('',(-0.611725292879354,0.0728232947568459,0.007));
#2083=CARTESIAN_POINT('',(-0.60801521850153,0.0552097957259596,0.007));
#2084=CARTESIAN_POINT('',(-0.60801521850153,0.0552097957259596,0.0055));
#2085=CARTESIAN_POINT('',(-0.60801521850153,0.0552097957259596,0.0015));
#2086=CARTESIAN_POINT('',(-0.611725292879354,0.0728232947568459,0.0015));
#2087=CARTESIAN_POINT('',(-0.603808184185669,0.0566579184874116,0.0015));
#2088=CARTESIAN_POINT('',(-0.603808184185669,0.0566579184874116,0.007));
#2089=CARTESIAN_POINT('',(-0.603808184185669,0.0566579184874116,0.0055));
#2090=CARTESIAN_POINT('',(-0.611725292879354,0.0728232947568459,0.0055));
#2091=CARTESIAN_POINT('',(-0.602687862929412,0.0619044243846096,0.007));
#2092=CARTESIAN_POINT('',(-0.602687862929412,0.0584540714062375,0.007));
#2093=CARTESIAN_POINT('',(-0.602687862929412,0.0584540714062375,0.0055));
#2094=CARTESIAN_POINT('',(-0.602687862929412,0.0584540714062375,0.0015));
#2095=CARTESIAN_POINT('',(-0.602687862929412,0.0619044243846096,0.0015));
#2096=CARTESIAN_POINT('',(-0.602687862929412,0.0659323978994806,0.0015));
#2097=CARTESIAN_POINT('',(-0.602687862929412,0.0659323978994806,0.007));
#2098=CARTESIAN_POINT('',(-0.602687862929412,0.0659323978994806,0.0055));
#2099=CARTESIAN_POINT('',(-0.602687862929412,0.0584540714062375,0.0055));
#2100=CARTESIAN_POINT('',(-0.605456577904383,0.0679323978994806,0.007));
#2101=CARTESIAN_POINT('',(-0.604687862929412,0.0679323978994806,0.));
#2102=CARTESIAN_POINT('',(-0.604687862929412,0.0679323978994806,0.0055));
#2103=CARTESIAN_POINT('',(-0.604687862929412,0.0679323978994806,0.0015));
#2104=CARTESIAN_POINT('',(-0.606225292879354,0.0679323978994806,0.0015));
#2105=CARTESIAN_POINT('',(-0.606225292879354,0.0679323978994806,0.0015));
#2106=CARTESIAN_POINT('',(-0.606225292879354,0.0679323978994806,0.007));
#2107=CARTESIAN_POINT('',(-0.606225292879354,0.0679323978994806,0.0055));
#2108=CARTESIAN_POINT('',(-0.605456577904383,0.0679323978994806,0.0055));
#2109=CARTESIAN_POINT('',(-0.608225292879354,0.0651636829245095,0.007));
#2110=CARTESIAN_POINT('',(-0.608225292879354,0.0659323978994806,0.007));
#2111=CARTESIAN_POINT('',(-0.608225292879354,0.0659323978994806,0.0055));
#2112=CARTESIAN_POINT('',(-0.608225292879354,0.0659323978994806,0.0015));
#2113=CARTESIAN_POINT('',(-0.608225292879354,0.0643949679495383,0.0015));
#2114=CARTESIAN_POINT('',(-0.608225292879354,0.0643949679495383,0.0015));
#2115=CARTESIAN_POINT('',(-0.608225292879354,0.0643949679495383,0.007));
#2116=CARTESIAN_POINT('',(-0.608225292879354,0.0643949679495383,0.0055));
#2117=CARTESIAN_POINT('',(-0.608225292879354,0.0651636829245095,0.0055));
#2118=CARTESIAN_POINT('',(-0.611725292879354,0.0623949679495383,0.007));
#2119=CARTESIAN_POINT('',(-0.610225292879354,0.0623949679495383,0.));
#2120=CARTESIAN_POINT('',(-0.610225292879354,0.0623949679495383,0.0055));
#2121=CARTESIAN_POINT('',(-0.610225292879354,0.0623949679495383,0.0015));
#2122=CARTESIAN_POINT('',(-0.614881763571318,0.0623949679495383,0.0015));
#2123=CARTESIAN_POINT('',(-0.614881763571318,0.0623949679495383,0.0015));
#2124=CARTESIAN_POINT('',(-0.614881763571318,0.0623949679495383,0.007));
#2125=CARTESIAN_POINT('',(-0.614881763571318,0.0623949679495383,0.0055));
#2126=CARTESIAN_POINT('',(-0.611725292879354,0.0623949679495383,0.0055));
#2127=CARTESIAN_POINT('',(-0.611725292879354,0.0728232947568454,0.007));
#2128=CARTESIAN_POINT('',(-0.615583201502865,0.0625220064368034,0.007));
#2129=CARTESIAN_POINT('',(-0.615583201502865,0.0625220064368034,0.0055));
#2130=CARTESIAN_POINT('',(-0.615583201502865,0.0625220064368034,0.0015));
#2131=CARTESIAN_POINT('',(-0.611725292879354,0.0728232947568454,0.0015));
#2132=CARTESIAN_POINT('',(-0.616674873352625,0.0826468202512194,0.0015));
#2133=CARTESIAN_POINT('',(-0.616674873352625,0.0826468202512194,0.007));
#2134=CARTESIAN_POINT('',(-0.616674873352625,0.0826468202512194,0.0055));
#2135=CARTESIAN_POINT('',(-0.611725292879354,0.0728232947568454,0.0055));
#2136=CARTESIAN_POINT('',(-0.611725292879354,0.0828607247067878,0.007));
#2137=CARTESIAN_POINT('',(-0.615774949630212,0.0828607247067878,0.));
#2138=CARTESIAN_POINT('',(-0.615774949630212,0.0828607247067878,0.0055));
#2139=CARTESIAN_POINT('',(-0.615774949630212,0.0828607247067878,0.0015));
#2140=CARTESIAN_POINT('',(-0.609225292879354,0.0828607247067878,0.0015));
#2141=CARTESIAN_POINT('',(-0.609225292879354,0.0828607247067878,0.0015));
#2142=CARTESIAN_POINT('',(-0.609225292879354,0.0828607247067878,0.007));
#2143=CARTESIAN_POINT('',(-0.609225292879354,0.0828607247067878,0.0055));
#2144=CARTESIAN_POINT('',(-0.611725292879354,0.0828607247067878,0.0055));
#2145=CARTESIAN_POINT('',(-0.607225292879354,0.0800920097318167,0.007));
#2146=CARTESIAN_POINT('',(-0.607225292879354,0.0808607247067878,0.007));
#2147=CARTESIAN_POINT('',(-0.607225292879354,0.0808607247067878,0.0055));
#2148=CARTESIAN_POINT('',(-0.607225292879354,0.0808607247067878,0.0015));
#2149=CARTESIAN_POINT('',(-0.607225292879354,0.0800920097318167,0.0015));
#2150=CARTESIAN_POINT('',(-0.607225292879354,0.0793232947568455,0.0015));
#2151=CARTESIAN_POINT('',(-0.607225292879354,0.0793232947568455,0.007));
#2152=CARTESIAN_POINT('',(-0.607225292879354,0.0793232947568455,0.0055));
#2153=CARTESIAN_POINT('',(-0.607225292879354,0.0808607247067878,0.0055));
#2154=CARTESIAN_POINT('',(-0.604456577904383,0.0773232947568455,0.007));
#2155=CARTESIAN_POINT('',(-0.605225292879354,0.0773232947568455,0.007));
#2156=CARTESIAN_POINT('',(-0.605225292879354,0.0773232947568455,0.0055));
#2157=CARTESIAN_POINT('',(-0.605225292879354,0.0773232947568455,0.0015));
#2158=CARTESIAN_POINT('',(-0.604456577904383,0.0773232947568455,0.0015));
#2159=CARTESIAN_POINT('',(-0.603687862929412,0.0773232947568455,0.0015));
#2160=CARTESIAN_POINT('',(-0.603687862929412,0.0773232947568455,0.007));
#2161=CARTESIAN_POINT('',(-0.603687862929412,0.0773232947568455,0.0055));
#2162=CARTESIAN_POINT('',(-0.605225292879354,0.0773232947568455,0.0055));
#2163=CARTESIAN_POINT('',(-0.601687862929412,0.0825440711555874,0.007));
#2164=CARTESIAN_POINT('',(-0.601687862929412,0.0793232947568455,0.007));
#2165=CARTESIAN_POINT('',(-0.601687862929412,0.0793232947568455,0.0055));
#2166=CARTESIAN_POINT('',(-0.601687862929412,0.0793232947568455,0.0015));
#2167=CARTESIAN_POINT('',(-0.601687862929412,0.0825440711555874,0.0015));
#2168=CARTESIAN_POINT('',(-0.601687862929412,0.0866580235145685,0.0015));
#2169=CARTESIAN_POINT('',(-0.601687862929412,0.0866580235145685,0.007));
#2170=CARTESIAN_POINT('',(-0.601687862929412,0.0866580235145685,0.0055));
#2171=CARTESIAN_POINT('',(-0.601687862929412,0.0793232947568455,0.0055));
#2172=CARTESIAN_POINT('',(-0.611725292879354,0.0728232947568454,0.007));
#2173=CARTESIAN_POINT('',(-0.603187862929411,0.0866580235145685,0.007));
#2174=CARTESIAN_POINT('',(-0.603187862929412,0.0793232947568455,0.007));
#2175=CARTESIAN_POINT('',(-0.603187862929411,0.0866580235145685,0.007));
#2176=CARTESIAN_POINT('',(-0.603687862929412,0.0866580235145685,0.007));
#2177=CARTESIAN_POINT('',(-0.603436693243476,0.0870903587882474,0.007));
#2178=CARTESIAN_POINT('',(-0.611725292879354,0.0728232947568457,0.007));
#2179=CARTESIAN_POINT('',(-0.607354483552441,0.0887338580978392,0.007));
#2180=CARTESIAN_POINT('',(-0.607486932319923,0.0882517198147788,0.007));
#2181=CARTESIAN_POINT('',(-0.607486932319923,0.0887517198147788,0.007));
#2182=CARTESIAN_POINT('',(-0.615963653438784,0.0887517198147788,0.007));
#2183=CARTESIAN_POINT('',(-0.615963653438784,0.0887517198147788,0.007));
#2184=CARTESIAN_POINT('',(-0.615963653438784,0.0882517198147788,0.007));
#2185=CARTESIAN_POINT('',(-0.616096102206267,0.0887338580978392,0.007));
#2186=CARTESIAN_POINT('',(-0.611725292879354,0.0728232947568455,0.007));
#2187=CARTESIAN_POINT('',(-0.615126194392359,0.0566775873118668,0.007));
#2188=CARTESIAN_POINT('',(-0.615023136770752,0.0571668511738358,0.007));
#2189=CARTESIAN_POINT('',(-0.615023136770752,0.0566668511738358,0.007));
#2190=CARTESIAN_POINT('',(-0.608427448987955,0.0566668511738358,0.007));
#2191=CARTESIAN_POINT('',(-0.608427448987955,0.0566668511738358,0.007));
#2192=CARTESIAN_POINT('',(-0.608427448987955,0.0571668511738358,0.007));
#2193=CARTESIAN_POINT('',(-0.608324391366348,0.0566775873118668,0.007));
#2194=CARTESIAN_POINT('',(-0.611725292879354,0.0728232947568459,0.007));
#2195=CARTESIAN_POINT('',(-0.604467943243476,0.0580050331765311,0.007));
#2196=CARTESIAN_POINT('',(-0.604687862929412,0.0584540714062375,0.007));
#2197=CARTESIAN_POINT('',(-0.604187862929412,0.0584540714062375,0.007));
#2198=CARTESIAN_POINT('',(-0.604187862929411,0.0659323978994806,0.007));
#2199=CARTESIAN_POINT('',(-0.604187862929411,0.0659323978994806,0.007));
#2200=CARTESIAN_POINT('',(-0.604687862929412,0.0659323978994806,0.007));
#2201=CARTESIAN_POINT('',(-0.604687862929412,0.0664323978994806,0.007));
#2202=CARTESIAN_POINT('',(-0.611725292879354,0.0664323978994806,0.007));
#2203=CARTESIAN_POINT('',(-0.606225292879354,0.0664323978994806,0.007));
#2204=CARTESIAN_POINT('',(-0.606225292879354,0.0659323978994806,0.007));
#2205=CARTESIAN_POINT('',(-0.606725292879354,0.0659323978994806,0.007));
#2206=CARTESIAN_POINT('',(-0.606725292879354,0.0728232947568454,0.007));
#2207=CARTESIAN_POINT('',(-0.606725292879354,0.0643949679495383,0.007));
#2208=CARTESIAN_POINT('',(-0.610225292879354,0.0643949679495383,0.007));
#2209=CARTESIAN_POINT('',(-0.610225292879354,0.0608949679495383,0.007));
#2210=CARTESIAN_POINT('',(-0.611725292879354,0.0608949679495383,0.007));
#2211=CARTESIAN_POINT('',(-0.614881763571318,0.0608949679495383,0.007));
#2212=CARTESIAN_POINT('',(-0.614881763571318,0.0643949679495383,0.007));
#2213=CARTESIAN_POINT('',(-0.616109279951526,0.0611172853022522,0.007));
#2214=CARTESIAN_POINT('',(-0.611725292879354,0.0728232947568454,0.007));
#2215=CARTESIAN_POINT('',(-0.617349816144434,0.0839863919095432,0.007));
#2216=CARTESIAN_POINT('',(-0.615774949630212,0.0808607247067878,0.007));
#2217=CARTESIAN_POINT('',(-0.615774949630212,0.0843607247067878,0.007));
#2218=CARTESIAN_POINT('',(-0.611725292879354,0.0843607247067878,0.007));
#2219=CARTESIAN_POINT('',(-0.609225292879354,0.0843607247067878,0.007));
#2220=CARTESIAN_POINT('',(-0.609225292879354,0.0808607247067878,0.007));
#2221=CARTESIAN_POINT('',(-0.605725292879354,0.0808607247067878,0.007));
#2222=CARTESIAN_POINT('',(-0.605725292879354,0.0793232947568455,0.007));
#2223=CARTESIAN_POINT('',(-0.605725292879354,0.0793232947568455,0.007));
#2224=CARTESIAN_POINT('',(-0.605225292879354,0.0793232947568455,0.007));
#2225=CARTESIAN_POINT('',(-0.605225292879354,0.0788232947568455,0.007));
#2226=CARTESIAN_POINT('',(-0.603687862929412,0.0788232947568455,0.007));
#2227=CARTESIAN_POINT('',(-0.603687862929412,0.0788232947568455,0.007));
#2228=CARTESIAN_POINT('',(-0.603687862929412,0.0793232947568455,0.007));
#2229=CARTESIAN_POINT('',(-0.611725292879354,0.0728232947568454,0.));
#2230=CARTESIAN_POINT('',(-0.611725292879354,0.0728232947568457,0.));
#2231=CARTESIAN_POINT('',(-0.607354483552441,0.0887338580978392,0.));
#2232=CARTESIAN_POINT('',(-0.603436693243476,0.0870903587882474,0.));
#2233=CARTESIAN_POINT('',(-0.603687862929412,0.0866580235145685,0.));
#2234=CARTESIAN_POINT('',(-0.603187862929411,0.0866580235145685,0.));
#2235=CARTESIAN_POINT('',(-0.603187862929411,0.0728232947568454,0.));
#2236=CARTESIAN_POINT('',(-0.603187862929412,0.0793232947568455,0.));
#2237=CARTESIAN_POINT('',(-0.603687862929412,0.0793232947568455,0.));
#2238=CARTESIAN_POINT('',(-0.603687862929412,0.0788232947568455,0.));
#2239=CARTESIAN_POINT('',(-0.611725292879354,0.0788232947568455,0.));
#2240=CARTESIAN_POINT('',(-0.605225292879354,0.0788232947568455,0.));
#2241=CARTESIAN_POINT('',(-0.605225292879354,0.0793232947568455,0.));
#2242=CARTESIAN_POINT('',(-0.605725292879354,0.0793232947568455,0.));
#2243=CARTESIAN_POINT('',(-0.605725292879354,0.0728232947568454,0.));
#2244=CARTESIAN_POINT('',(-0.605725292879354,0.0808607247067878,0.));
#2245=CARTESIAN_POINT('',(-0.609225292879354,0.0808607247067878,0.));
#2246=CARTESIAN_POINT('',(-0.609225292879354,0.0843607247067878,0.));
#2247=CARTESIAN_POINT('',(-0.615774949630212,0.0843607247067878,0.));
#2248=CARTESIAN_POINT('',(-0.615774949630212,0.0843607247067878,0.));
#2249=CARTESIAN_POINT('',(-0.615774949630212,0.0808607247067878,0.));
#2250=CARTESIAN_POINT('',(-0.617349816144434,0.0839863919095432,0.));
#2251=CARTESIAN_POINT('',(-0.611725292879354,0.0728232947568454,0.));
#2252=CARTESIAN_POINT('',(-0.616109279951526,0.0611172853022522,0.));
#2253=CARTESIAN_POINT('',(-0.614881763571318,0.0643949679495383,0.));
#2254=CARTESIAN_POINT('',(-0.614881763571318,0.0608949679495383,0.));
#2255=CARTESIAN_POINT('',(-0.610225292879354,0.0608949679495383,0.));
#2256=CARTESIAN_POINT('',(-0.610225292879354,0.0608949679495383,0.));
#2257=CARTESIAN_POINT('',(-0.610225292879354,0.0643949679495383,0.));
#2258=CARTESIAN_POINT('',(-0.606725292879354,0.0643949679495383,0.));
#2259=CARTESIAN_POINT('',(-0.606725292879354,0.0659323978994806,0.));
#2260=CARTESIAN_POINT('',(-0.606725292879354,0.0659323978994806,0.));
#2261=CARTESIAN_POINT('',(-0.606225292879354,0.0659323978994806,0.));
#2262=CARTESIAN_POINT('',(-0.606225292879354,0.0664323978994806,0.));
#2263=CARTESIAN_POINT('',(-0.604687862929412,0.0664323978994806,0.));
#2264=CARTESIAN_POINT('',(-0.604687862929412,0.0664323978994806,0.));
#2265=CARTESIAN_POINT('',(-0.604687862929412,0.0659323978994806,0.));
#2266=CARTESIAN_POINT('',(-0.604187862929411,0.0659323978994806,0.));
#2267=CARTESIAN_POINT('',(-0.604187862929411,0.0728232947568454,0.));
#2268=CARTESIAN_POINT('',(-0.604187862929412,0.0584540714062375,0.));
#2269=CARTESIAN_POINT('',(-0.604687862929412,0.0584540714062375,0.));
#2270=CARTESIAN_POINT('',(-0.604467943243476,0.0580050331765311,0.));
#2271=CARTESIAN_POINT('',(-0.611725292879354,0.0728232947568459,0.));
#2272=CARTESIAN_POINT('',(-0.608324391366348,0.0566775873118668,0.));
#2273=CARTESIAN_POINT('',(-0.608427448987955,0.0571668511738358,0.));
#2274=CARTESIAN_POINT('',(-0.608427448987955,0.0566668511738358,0.));
#2275=CARTESIAN_POINT('',(-0.611725292879354,0.0566668511738358,0.));
#2276=CARTESIAN_POINT('',(-0.615023136770752,0.0566668511738358,0.));
#2277=CARTESIAN_POINT('',(-0.615023136770752,0.0571668511738358,0.));
#2278=CARTESIAN_POINT('',(-0.615126194392359,0.0566775873118668,0.));
#2279=CARTESIAN_POINT('',(-0.611725292879354,0.0728232947568455,0.));
#2280=CARTESIAN_POINT('',(-0.616096102206267,0.0887338580978392,0.));
#2281=CARTESIAN_POINT('',(-0.615963653438784,0.0882517198147788,0.));
#2282=CARTESIAN_POINT('',(-0.615963653438784,0.0887517198147788,0.));
#2283=CARTESIAN_POINT('',(-0.611725292879354,0.0887517198147788,0.));
#2284=CARTESIAN_POINT('',(-0.607486932319923,0.0887517198147788,0.));
#2285=CARTESIAN_POINT('',(-0.607486932319923,0.0882517198147788,0.));
#2286=CARTESIAN_POINT('',(-0.615774949630212,0.0808607247067878,0.007));
#2287=CARTESIAN_POINT('',(-0.615774949630212,0.0808607247067878,0.0015));
#2288=CARTESIAN_POINT('',(-0.615774949630212,0.0808607247067878,0.0055));
#2289=CARTESIAN_POINT('',(-0.615963653438784,0.0882517198147788,0.007));
#2290=CARTESIAN_POINT('',(-0.615963653438784,0.0882517198147788,0.0015));
#2291=CARTESIAN_POINT('',(-0.615963653438784,0.0882517198147788,0.0055));
#2292=CARTESIAN_POINT('',(-0.607486932319923,0.0882517198147788,0.007));
#2293=CARTESIAN_POINT('',(-0.607486932319923,0.0882517198147788,0.0015));
#2294=CARTESIAN_POINT('',(-0.607486932319923,0.0882517198147788,0.0055));
#2295=CARTESIAN_POINT('',(-0.603687862929412,0.0866580235145685,0.007));
#2296=CARTESIAN_POINT('',(-0.603687862929412,0.0866580235145685,0.0015));
#2297=CARTESIAN_POINT('',(-0.603687862929412,0.0866580235145685,0.0055));
#2298=CARTESIAN_POINT('',(-0.603687862929412,0.0793232947568455,0.007));
#2299=CARTESIAN_POINT('',(-0.603687862929412,0.0793232947568455,0.0015));
#2300=CARTESIAN_POINT('',(-0.603687862929412,0.0793232947568455,0.0055));
#2301=CARTESIAN_POINT('',(-0.609225292879354,0.0808607247067878,0.007));
#2302=CARTESIAN_POINT('',(-0.609225292879354,0.0808607247067878,0.0015));
#2303=CARTESIAN_POINT('',(-0.609225292879354,0.0808607247067878,0.0055));
#2304=CARTESIAN_POINT('',(-0.605225292879354,0.0793232947568455,0.007));
#2305=CARTESIAN_POINT('',(-0.605225292879354,0.0793232947568455,0.0015));
#2306=CARTESIAN_POINT('',(-0.605225292879354,0.0793232947568455,0.0055));
#2307=CARTESIAN_POINT('',(-0.614881763571318,0.0643949679495383,0.007));
#2308=CARTESIAN_POINT('',(-0.614881763571318,0.0643949679495383,0.0015));
#2309=CARTESIAN_POINT('',(-0.614881763571318,0.0643949679495383,0.0055));
#2310=CARTESIAN_POINT('',(-0.610225292879354,0.0643949679495383,0.007));
#2311=CARTESIAN_POINT('',(-0.610225292879354,0.0643949679495383,0.0015));
#2312=CARTESIAN_POINT('',(-0.610225292879354,0.0643949679495383,0.0055));
#2313=CARTESIAN_POINT('',(-0.606225292879354,0.0659323978994806,0.007));
#2314=CARTESIAN_POINT('',(-0.606225292879354,0.0659323978994806,0.0015));
#2315=CARTESIAN_POINT('',(-0.606225292879354,0.0659323978994806,0.0055));
#2316=CARTESIAN_POINT('',(-0.604687862929412,0.0659323978994806,0.007));
#2317=CARTESIAN_POINT('',(-0.604687862929412,0.0659323978994806,0.0015));
#2318=CARTESIAN_POINT('',(-0.604687862929412,0.0659323978994806,0.0055));
#2319=CARTESIAN_POINT('',(-0.604687862929412,0.0584540714062375,0.007));
#2320=CARTESIAN_POINT('',(-0.604687862929412,0.0584540714062375,0.0015));
#2321=CARTESIAN_POINT('',(-0.604687862929412,0.0584540714062375,0.0055));
#2322=CARTESIAN_POINT('',(-0.608427448987955,0.0571668511738358,0.007));
#2323=CARTESIAN_POINT('',(-0.608427448987955,0.0571668511738358,0.0015));
#2324=CARTESIAN_POINT('',(-0.608427448987955,0.0571668511738358,0.0055));
#2325=CARTESIAN_POINT('',(-0.615023136770752,0.0571668511738358,0.007));
#2326=CARTESIAN_POINT('',(-0.615023136770752,0.0571668511738358,0.0015));
#2327=CARTESIAN_POINT('',(-0.615023136770752,0.0571668511738358,0.0055));
#2328=CARTESIAN_POINT('',(-0.606225292879354,0.0659323978994806,0.0015));
#2329=CARTESIAN_POINT('',(-0.606725292879354,0.0659323978994806,0.0015));
#2330=CARTESIAN_POINT('',(-0.606225292879354,0.0664323978994806,0.0015));
#2331=CARTESIAN_POINT('',(-0.611725292879354,0.0664323978994806,0.0015));
#2332=CARTESIAN_POINT('',(-0.604687862929412,0.0664323978994806,0.0015));
#2333=CARTESIAN_POINT('',(-0.606725292879354,0.0728232947568454,0.0015));
#2334=CARTESIAN_POINT('',(-0.606725292879354,0.0643949679495383,0.0015));
#2335=CARTESIAN_POINT('',(-0.604687862929412,0.0659323978994806,0.0015));
#2336=CARTESIAN_POINT('',(-0.604187862929412,0.0659323978994806,0.0015));
#2337=CARTESIAN_POINT('',(-0.610225292879354,0.0643949679495383,0.0015));
#2338=CARTESIAN_POINT('',(-0.610225292879354,0.0608949679495383,0.0015));
#2339=CARTESIAN_POINT('',(-0.604187862929411,0.0619044243846096,0.0015));
#2340=CARTESIAN_POINT('',(-0.604187862929411,0.0584540714062375,0.0015));
#2341=CARTESIAN_POINT('',(-0.611725292879354,0.0608949679495383,0.0015));
#2342=CARTESIAN_POINT('',(-0.614881763571318,0.0608949679495383,0.0015));
#2343=CARTESIAN_POINT('',(-0.604687862929412,0.0584540714062375,0.0015));
#2344=CARTESIAN_POINT('',(-0.604467943243476,0.0580050331765311,0.0015));
#2345=CARTESIAN_POINT('',(-0.614881763571318,0.0643949679495383,0.0015));
#2346=CARTESIAN_POINT('',(-0.616109279951526,0.0611172853022522,0.0015));
#2347=CARTESIAN_POINT('',(-0.611725292879354,0.0728232947568459,0.0015));
#2348=CARTESIAN_POINT('',(-0.608324391366348,0.0566775873118668,0.0015));
#2349=CARTESIAN_POINT('',(-0.611725292879354,0.0728232947568454,0.0015));
#2350=CARTESIAN_POINT('',(-0.617349816144434,0.0839863919095432,0.0015));
#2351=CARTESIAN_POINT('',(-0.608427448987955,0.0571668511738358,0.0015));
#2352=CARTESIAN_POINT('',(-0.608427448987955,0.0566668511738358,0.0015));
#2353=CARTESIAN_POINT('',(-0.615774949630212,0.0808607247067878,0.0015));
#2354=CARTESIAN_POINT('',(-0.615774949630212,0.0843607247067878,0.0015));
#2355=CARTESIAN_POINT('',(-0.611725292879354,0.0566668511738358,0.0015));
#2356=CARTESIAN_POINT('',(-0.615023136770752,0.0566668511738358,0.0015));
#2357=CARTESIAN_POINT('',(-0.611725292879354,0.0843607247067878,0.0015));
#2358=CARTESIAN_POINT('',(-0.609225292879354,0.0843607247067878,0.0015));
#2359=CARTESIAN_POINT('',(-0.615023136770752,0.0571668511738358,0.0015));
#2360=CARTESIAN_POINT('',(-0.615126194392359,0.0566775873118668,0.0015));
#2361=CARTESIAN_POINT('',(-0.609225292879354,0.0808607247067878,0.0015));
#2362=CARTESIAN_POINT('',(-0.605725292879354,0.0808607247067878,0.0015));
#2363=CARTESIAN_POINT('',(-0.611725292879354,0.0728232947568455,0.0015));
#2364=CARTESIAN_POINT('',(-0.616096102206267,0.0887338580978392,0.0015));
#2365=CARTESIAN_POINT('',(-0.605725292879354,0.0800920097318167,0.0015));
#2366=CARTESIAN_POINT('',(-0.605725292879354,0.0793232947568455,0.0015));
#2367=CARTESIAN_POINT('',(-0.615963653438784,0.0882517198147788,0.0015));
#2368=CARTESIAN_POINT('',(-0.615963653438784,0.0887517198147788,0.0015));
#2369=CARTESIAN_POINT('',(-0.605225292879354,0.0793232947568455,0.0015));
#2370=CARTESIAN_POINT('',(-0.605225292879354,0.0788232947568455,0.0015));
#2371=CARTESIAN_POINT('',(-0.611725292879354,0.0887517198147788,0.0015));
#2372=CARTESIAN_POINT('',(-0.607486932319923,0.0887517198147788,0.0015));
#2373=CARTESIAN_POINT('',(-0.604456577904383,0.0788232947568455,0.0015));
#2374=CARTESIAN_POINT('',(-0.603687862929412,0.0788232947568455,0.0015));
#2375=CARTESIAN_POINT('',(-0.607486932319923,0.0882517198147788,0.0015));
#2376=CARTESIAN_POINT('',(-0.607354483552441,0.0887338580978392,0.0015));
#2377=CARTESIAN_POINT('',(-0.603687862929412,0.0793232947568455,0.0015));
#2378=CARTESIAN_POINT('',(-0.603187862929411,0.0793232947568455,0.0015));
#2379=CARTESIAN_POINT('',(-0.611725292879354,0.0728232947568457,0.0015));
#2380=CARTESIAN_POINT('',(-0.603436693243476,0.0870903587882474,0.0015));
#2381=CARTESIAN_POINT('',(-0.603187862929411,0.0825440711555874,0.0015));
#2382=CARTESIAN_POINT('',(-0.603187862929411,0.0866580235145685,0.0015));
#2383=CARTESIAN_POINT('',(-0.603687862929412,0.0866580235145685,0.0015));
#2384=CARTESIAN_POINT('',(-0.606225292879354,0.0659323978994806,0.0055));
#2385=CARTESIAN_POINT('',(-0.606225292879354,0.0664323978994806,0.0055));
#2386=CARTESIAN_POINT('',(-0.606725292879354,0.0659323978994806,0.0055));
#2387=CARTESIAN_POINT('',(-0.606725292879354,0.0651636829245095,0.0055));
#2388=CARTESIAN_POINT('',(-0.606725292879354,0.0643949679495383,0.0055));
#2389=CARTESIAN_POINT('',(-0.605456577904383,0.0664323978994806,0.0055));
#2390=CARTESIAN_POINT('',(-0.604687862929412,0.0664323978994806,0.0055));
#2391=CARTESIAN_POINT('',(-0.610225292879354,0.0643949679495383,0.0055));
#2392=CARTESIAN_POINT('',(-0.610225292879354,0.0608949679495383,0.0055));
#2393=CARTESIAN_POINT('',(-0.604687862929412,0.0659323978994806,0.0055));
#2394=CARTESIAN_POINT('',(-0.604187862929411,0.0659323978994806,0.0055));
#2395=CARTESIAN_POINT('',(-0.611725292879354,0.0608949679495383,0.0055));
#2396=CARTESIAN_POINT('',(-0.614881763571318,0.0608949679495383,0.0055));
#2397=CARTESIAN_POINT('',(-0.604187862929411,0.0728232947568454,0.0055));
#2398=CARTESIAN_POINT('',(-0.604187862929411,0.0584540714062375,0.0055));
#2399=CARTESIAN_POINT('',(-0.614881763571318,0.0643949679495383,0.0055));
#2400=CARTESIAN_POINT('',(-0.616109279951526,0.0611172853022522,0.0055));
#2401=CARTESIAN_POINT('',(-0.604687862929412,0.0584540714062375,0.0055));
#2402=CARTESIAN_POINT('',(-0.604467943243476,0.0580050331765311,0.0055));
#2403=CARTESIAN_POINT('',(-0.611725292879354,0.0728232947568454,0.0055));
#2404=CARTESIAN_POINT('',(-0.617349816144434,0.0839863919095432,0.0055));
#2405=CARTESIAN_POINT('',(-0.611725292879354,0.0728232947568459,0.0055));
#2406=CARTESIAN_POINT('',(-0.608324391366348,0.0566775873118668,0.0055));
#2407=CARTESIAN_POINT('',(-0.615774949630212,0.0808607247067878,0.0055));
#2408=CARTESIAN_POINT('',(-0.615774949630212,0.0843607247067878,0.0055));
#2409=CARTESIAN_POINT('',(-0.608427448987955,0.0571668511738358,0.0055));
#2410=CARTESIAN_POINT('',(-0.608427448987955,0.0566668511738358,0.0055));
#2411=CARTESIAN_POINT('',(-0.611725292879354,0.0843607247067878,0.0055));
#2412=CARTESIAN_POINT('',(-0.609225292879354,0.0843607247067878,0.0055));
#2413=CARTESIAN_POINT('',(-0.611725292879354,0.0566668511738358,0.0055));
#2414=CARTESIAN_POINT('',(-0.615023136770752,0.0566668511738358,0.0055));
#2415=CARTESIAN_POINT('',(-0.609225292879354,0.0808607247067878,0.0055));
#2416=CARTESIAN_POINT('',(-0.605725292879354,0.0808607247067878,0.0055));
#2417=CARTESIAN_POINT('',(-0.615023136770752,0.0571668511738358,0.0055));
#2418=CARTESIAN_POINT('',(-0.615126194392359,0.0566775873118668,0.0055));
#2419=CARTESIAN_POINT('',(-0.605725292879354,0.0728232947568454,0.0055));
#2420=CARTESIAN_POINT('',(-0.605725292879354,0.0793232947568455,0.0055));
#2421=CARTESIAN_POINT('',(-0.611725292879354,0.0728232947568455,0.0055));
#2422=CARTESIAN_POINT('',(-0.616096102206267,0.0887338580978392,0.0055));
#2423=CARTESIAN_POINT('',(-0.605225292879354,0.0793232947568455,0.0055));
#2424=CARTESIAN_POINT('',(-0.605225292879354,0.0788232947568455,0.0055));
#2425=CARTESIAN_POINT('',(-0.615963653438784,0.0882517198147788,0.0055));
#2426=CARTESIAN_POINT('',(-0.615963653438784,0.0887517198147788,0.0055));
#2427=CARTESIAN_POINT('',(-0.611725292879354,0.0788232947568455,0.0055));
#2428=CARTESIAN_POINT('',(-0.603687862929412,0.0788232947568455,0.0055));
#2429=CARTESIAN_POINT('',(-0.611725292879354,0.0887517198147788,0.0055));
#2430=CARTESIAN_POINT('',(-0.607486932319923,0.0887517198147788,0.0055));
#2431=CARTESIAN_POINT('',(-0.603687862929412,0.0793232947568455,0.0055));
#2432=CARTESIAN_POINT('',(-0.603187862929412,0.0793232947568455,0.0055));
#2433=CARTESIAN_POINT('',(-0.607486932319923,0.0882517198147788,0.0055));
#2434=CARTESIAN_POINT('',(-0.607354483552441,0.0887338580978392,0.0055));
#2435=CARTESIAN_POINT('',(-0.603187862929411,0.0728232947568454,0.0055));
#2436=CARTESIAN_POINT('',(-0.603187862929411,0.0866580235145685,0.0055));
#2437=CARTESIAN_POINT('',(-0.611725292879354,0.0728232947568457,0.0055));
#2438=CARTESIAN_POINT('',(-0.603436693243476,0.0870903587882474,0.0055));
#2439=CARTESIAN_POINT('',(-0.603687862929412,0.0866580235145685,0.0055));
#2440=MECHANICAL_DESIGN_GEOMETRIC_PRESENTATION_REPRESENTATION('',(#1321),
#2441);
#2441=(
GEOMETRIC_REPRESENTATION_CONTEXT(3)
GLOBAL_UNCERTAINTY_ASSIGNED_CONTEXT((#2442))
GLOBAL_UNIT_ASSIGNED_CONTEXT((#2445,#2444,#2443))
REPRESENTATION_CONTEXT('Base','TOP_LEVEL_ASSEMBLY_PART')
);
#2442=UNCERTAINTY_MEASURE_WITH_UNIT(LENGTH_MEASURE(1.E-8),#2445,
'DISTANCE_ACCURACY_VALUE','Maximum Tolerance applied to model');
#2443=(
NAMED_UNIT(*)
SI_UNIT($,.STERADIAN.)
SOLID_ANGLE_UNIT()
);
#2444=(
NAMED_UNIT(*)
PLANE_ANGLE_UNIT()
SI_UNIT($,.RADIAN.)
);
#2445=(
LENGTH_UNIT()
NAMED_UNIT(*)
SI_UNIT($,.METRE.)
);
#2446=PRODUCT_DEFINITION_SHAPE('','',#2447);
#2447=PRODUCT_DEFINITION('','',#2449,#2448);
#2448=PRODUCT_DEFINITION_CONTEXT('',#2455,'design');
#2449=PRODUCT_DEFINITION_FORMATION_WITH_SPECIFIED_SOURCE('','',#2451,
 .NOT_KNOWN.);
#2450=PRODUCT_RELATED_PRODUCT_CATEGORY('','',(#2451));
#2451=PRODUCT('Base','Base','Base',(#2453));
#2452=PRODUCT_CATEGORY('','');
#2453=PRODUCT_CONTEXT('',#2455,'mechanical');
#2454=APPLICATION_PROTOCOL_DEFINITION('international standard',
'ap242_managed_model_based_3d_engineering',2020,#2455);
#2455=APPLICATION_CONTEXT('managed model based 3d engineering');
ENDSEC;
END-ISO-10303-21;
